problem_seed,initialization,init_seed,rank,magnitude_strength,true_direction_rank,direction_strength,selected_learning_rate,optimization_steps,optimization_mse,optimized_dora_relative_weight_error,optimized_dora_expected_output_mse,optimized_dora_direction_error,optimized_dora_magnitude_relative_mae,feasible_dora_relative_weight_error,feasible_dora_expected_output_mse,feasible_dora_direction_error,feasible_dora_magnitude_relative_mae,lora_oracle_relative_weight_error,lora_oracle_expected_output_mse,lora_oracle_direction_error,lora_oracle_magnitude_relative_mae
200,0,1020200,4,0.0,4,0.35,0.03,242,8.10848512899226e-14,1.4711873745909543e-06,2.594715241277523e-12,0.0,1.564621925354004e-07,1.8353757980094088e-07,4.0383481606474925e-14,-1.1175870895385742e-08,3.3527612686157227e-08,1.8066619134060602e-07,3.9129791529375624e-14,3.725290298461914e-09,3.725290298461914e-08
200,1,1020201,4,0.0,4,0.35,0.01,248,8.113882422932164e-14,1.4716769101141836e-06,2.5964423753382926e-12,-2.9802322387695312e-08,1.0803341865539551e-07,1.8353757980094088e-07,4.0383481606474925e-14,-1.1175870895385742e-08,3.3527612686157227e-08,1.8066619134060602e-07,3.9129791529375624e-14,3.725290298461914e-09,3.725290298461914e-08
200,2,1020202,4,0.0,4,0.35,0.01,248,8.815321248575175e-14,1.5339710444095545e-06,2.820902799544056e-12,-3.3527612686157227e-08,1.3783574104309082e-07,1.8353757980094088e-07,4.0383481606474925e-14,-1.1175870895385742e-08,3.3527612686157227e-08,1.8066619134060602e-07,3.9129791529375624e-14,3.725290298461914e-09,3.725290298461914e-08
200,3,1020203,4,0.0,4,0.35,0.01,253,7.397648303392873e-14,1.405222064931877e-06,2.3672474570857194e-12,1.4901161193847656e-08,9.685754776000977e-08,1.8353757980094088e-07,4.0383481606474925e-14,-1.1175870895385742e-08,3.3527612686157227e-08,1.8066619134060602e-07,3.9129791529375624e-14,3.725290298461914e-09,3.725290298461914e-08
200,4,1020204,4,0.0,4,0.35,0.01,248,7.680862239636821e-14,1.4318683270175825e-06,2.4578759166837827e-12,7.450580596923828e-09,1.564621925354004e-07,1.8353757980094088e-07,4.0383481606474925e-14,-1.1175870895385742e-08,3.3527612686157227e-08,1.8066619134060602e-07,3.9129791529375624e-14,3.725290298461914e-09,3.725290298461914e-08
200,0,1020200,4,0.4,4,0.35,0.01,263,8.188983074541162e-14,1.428150653737248e-06,2.6204745838531718e-12,1.4901161193847656e-08,2.421438694000244e-07,1.8083343888974923e-07,4.201354907962078e-14,0.0,4.0978193283081055e-08,0.17985349893569946,0.04155943915247917,0.0090009905397892,0.13033899664878845
200,1,1020201,4,0.4,4,0.35,0.03,254,9.078682765414556e-14,1.5037320508781704e-06,2.905178484932658e-12,-2.2351741790771484e-08,1.9371509552001953e-07,1.8083343888974923e-07,4.201354907962078e-14,0.0,4.0978193283081055e-08,0.17985349893569946,0.04155943915247917,0.0090009905397892,0.13033899664878845
200,2,1020202,4,0.4,4,0.35,0.01,357,2.585376472641083e-14,8.024554745134083e-07,8.273204712451465e-13,-2.2351741790771484e-08,7.82310962677002e-08,1.8083343888974923e-07,4.201354907962078e-14,0.0,4.0978193283081055e-08,0.17985349893569946,0.04155943915247917,0.0090009905397892,0.13033899664878845
200,3,1020203,4,0.4,4,0.35,0.03,254,7.016505838798245e-14,1.3219636230132892e-06,2.2452818684154385e-12,1.862645149230957e-08,2.4586915969848633e-07,1.8083343888974923e-07,4.201354907962078e-14,0.0,4.0978193283081055e-08,0.17985349893569946,0.04155943915247917,0.0090009905397892,0.13033899664878845
200,4,1020204,4,0.4,4,0.35,0.01,274,7.855882285835725e-14,1.3988028513267636e-06,2.513882331467432e-12,-1.862645149230957e-08,1.5273690223693848e-07,1.8083343888974923e-07,4.201354907962078e-14,0.0,4.0978193283081055e-08,0.17985349893569946,0.04155943915247917,0.0090009905397892,0.13033899664878845
200,0,1020200,4,0.8,4,0.35,0.1,686,1.2374744783570646e-13,1.6170140497706598e-06,3.959918330742607e-12,-1.862645149230957e-08,1.4528632164001465e-07,1.7742691227340401e-07,4.767575765597665e-14,-1.862645149230957e-08,3.3527612686157227e-08,0.2817622125148773,0.12023314088582993,0.049159418791532516,0.3321593105792999
200,1,1020201,4,0.8,4,0.35,0.1,388,1.6139684261371606e-13,1.8466865867594606e-06,5.164698963638914e-12,-1.1175870895385742e-08,1.1548399925231934e-07,1.7742691227340401e-07,4.767575765597665e-14,-1.862645149230957e-08,3.3527612686157227e-08,0.2817622125148773,0.12023314088582993,0.049159418791532516,0.3321593105792999
200,2,1020202,4,0.8,4,0.35,0.1,851,4.296231281841756e-08,0.0009527731453999877,1.3747940101893619e-06,3.7997961044311523e-07,1.5284866094589233e-05,1.7742691227340401e-07,4.767575765597665e-14,-1.862645149230957e-08,3.3527612686157227e-08,0.2817622125148773,0.12023314088582993,0.049159418791532516,0.3321593105792999
200,3,1020203,4,0.8,4,0.35,0.03,1131,1.4520824050557463e-13,1.7516256320959656e-06,4.646663696178388e-12,-1.1175870895385742e-08,1.564621925354004e-07,1.7742691227340401e-07,4.767575765597665e-14,-1.862645149230957e-08,3.3527612686157227e-08,0.2817622125148773,0.12023314088582993,0.049159418791532516,0.3321593105792999
200,4,1020204,4,0.8,4,0.35,0.1,564,1.5305717305548472e-13,1.7983429643209092e-06,4.897829537775511e-12,-1.862645149230957e-08,9.313225746154785e-08,1.7742691227340401e-07,4.767575765597665e-14,-1.862645149230957e-08,3.3527612686157227e-08,0.2817622125148773,0.12023314088582993,0.049159418791532516,0.3321593105792999
201,0,1020301,4,0.0,4,0.35,0.01,240,8.347814627052141e-14,1.5301932307920652e-06,2.6713006806566852e-12,3.725290298461914e-09,1.341104507446289e-07,1.29915719071505e-07,1.9255447524001504e-14,-3.725290298461914e-08,3.3527612686157227e-08,1.1684894474228713e-07,1.5576854584843647e-14,-1.4901161193847656e-08,5.587935447692871e-08
201,1,1020302,4,0.0,4,0.35,0.01,247,7.943990653009117e-14,1.49272307226056e-06,2.5420770089629174e-12,0.0,1.564621925354004e-07,1.29915719071505e-07,1.9255447524001504e-14,-3.725290298461914e-08,3.3527612686157227e-08,1.1684894474228713e-07,1.5576854584843647e-14,-1.4901161193847656e-08,5.587935447692871e-08
201,2,1020303,4,0.0,4,0.35,0.1,412,6.654576791952777e-14,1.366218384646345e-06,2.1294645734248885e-12,-1.862645149230957e-08,1.8998980522155762e-07,1.29915719071505e-07,1.9255447524001504e-14,-3.725290298461914e-08,3.3527612686157227e-08,1.1684894474228713e-07,1.5576854584843647e-14,-1.4901161193847656e-08,5.587935447692871e-08
201,3,1020304,4,0.0,4,0.35,0.01,309,1.7911367918357901e-12,7.088009169819998e-06,5.7316377338745284e-11,7.450580596923828e-09,7.450580596923828e-08,1.29915719071505e-07,1.9255447524001504e-14,-3.725290298461914e-08,3.3527612686157227e-08,1.1684894474228713e-07,1.5576854584843647e-14,-1.4901161193847656e-08,5.587935447692871e-08
201,4,1020305,4,0.0,4,0.35,0.01,241,9.488438680593791e-14,1.6313879314111546e-06,3.0363003777900133e-12,-7.450580596923828e-09,1.043081283569336e-07,1.29915719071505e-07,1.9255447524001504e-14,-3.725290298461914e-08,3.3527612686157227e-08,1.1684894474228713e-07,1.5576854584843647e-14,-1.4901161193847656e-08,5.587935447692871e-08
201,0,1020301,4,0.4,4,0.35,0.1,627,1.0271401378091419e-13,1.6573237644479377e-06,3.286848440989254e-12,1.1175870895385742e-08,1.6763806343078613e-07,1.3840045198776352e-07,2.2921338357082335e-14,-3.725290298461914e-09,3.725290298461914e-08,0.1837637573480606,0.04040960967540741,0.008895833045244217,0.13448300957679749
201,1,1020302,4,0.4,4,0.35,0.01,309,6.900584297768811e-14,1.358424356112664e-06,2.2081869752860195e-12,1.4901161193847656e-08,1.1175870895385742e-07,1.3840045198776352e-07,2.2921338357082335e-14,-3.725290298461914e-09,3.725290298461914e-08,0.1837637573480606,0.04040960967540741,0.008895833045244217,0.13448300957679749
201,2,1020303,4,0.4,4,0.35,0.01,306,8.277255427293143e-14,1.4877696230541915e-06,2.6487217367338056e-12,1.1175870895385742e-08,1.4528632164001465e-07,1.3840045198776352e-07,2.2921338357082335e-14,-3.725290298461914e-09,3.725290298461914e-08,0.1837637573480606,0.04040960967540741,0.008895833045244217,0.13448300957679749
201,3,1020304,4,0.4,4,0.35,0.01,314,8.252154791747388e-14,1.4855121435175533e-06,2.640689533359164e-12,2.9802322387695312e-08,1.3783574104309082e-07,1.3840045198776352e-07,2.2921338357082335e-14,-3.725290298461914e-09,3.725290298461914e-08,0.1837637573480606,0.04040960967540741,0.008895833045244217,0.13448300957679749
201,4,1020305,4,0.4,4,0.35,0.03,267,7.31950443181098e-14,1.3990503475724836e-06,2.3422414181795137e-12,3.725290298461914e-09,1.2665987014770508e-07,1.3840045198776352e-07,2.2921338357082335e-14,-3.725290298461914e-09,3.725290298461914e-08,0.1837637573480606,0.04040960967540741,0.008895833045244217,0.13448300957679749
201,0,1020301,4,0.8,4,0.35,0.03,1645,8.513347226615439e-14,1.3987640841151006e-06,2.7242711125169405e-12,2.2351741790771484e-08,1.825392246246338e-07,1.3245796992578107e-07,2.4429666866917013e-14,7.450580596923828e-09,2.60770320892334e-08,0.29327279329299927,0.11975812166929245,0.048593804240226746,0.2879609763622284
201,1,1020302,4,0.8,4,0.35,0.03,1101,9.261934616608056e-14,1.4589658121622051e-06,2.963819077314578e-12,1.4901161193847656e-08,5.960464477539063e-08,1.3245796992578107e-07,2.4429666866917013e-14,7.450580596923828e-09,2.60770320892334e-08,0.29327279329299927,0.11975812166929245,0.048593804240226746,0.2879609763622284
201,2,1020303,4,0.8,4,0.35,0.1,571,7.420350141632004e-14,1.3058896684015053e-06,2.3745120453222412e-12,1.862645149230957e-08,9.685754776000977e-08,1.3245796992578107e-07,2.4429666866917013e-14,7.450580596923828e-09,2.60770320892334e-08,0.29327279329299927,0.11975812166929245,0.048593804240226746,0.2879609763622284
201,3,1020304,4,0.8,4,0.35,0.03,1679,9.551701877358321e-14,1.4816125712968642e-06,3.0565446007546626e-12,-2.60770320892334e-08,1.1920928955078125e-07,1.3245796992578107e-07,2.4429666866917013e-14,7.450580596923828e-09,2.60770320892334e-08,0.29327279329299927,0.11975812166929245,0.048593804240226746,0.2879609763622284
201,4,1020305,4,0.8,4,0.35,0.03,1982,1.099424642037744e-13,1.5895602700766176e-06,3.518158854520781e-12,2.60770320892334e-08,8.568167686462402e-08,1.3245796992578107e-07,2.4429666866917013e-14,7.450580596923828e-09,2.60770320892334e-08,0.29327279329299927,0.11975812166929245,0.048593804240226746,0.2879609763622284
202,0,1020402,4,0.0,4,0.35,0.03,244,8.460803401205003e-14,1.5869985645622364e-06,2.707457088385601e-12,-3.725290298461914e-09,1.564621925354004e-07,1.5681717968618614e-07,2.6436003315892173e-14,1.4901161193847656e-08,1.862645149230957e-08,1.2604425592144253e-07,1.7078691434170568e-14,1.1175870895385742e-08,2.9802322387695312e-08
202,1,1020403,4,0.0,4,0.35,0.1,553,7.222805117673356e-14,1.4663029332950828e-06,2.311297637655474e-12,7.450580596923828e-09,1.4528632164001465e-07,1.5681717968618614e-07,2.6436003315892173e-14,1.4901161193847656e-08,1.862645149230957e-08,1.2604425592144253e-07,1.7078691434170568e-14,1.1175870895385742e-08,2.9802322387695312e-08
202,2,1020404,4,0.0,4,0.35,0.01,252,8.267263826647331e-14,1.5687422774135484e-06,2.645524424527146e-12,-7.450580596923828e-09,1.7136335372924805e-07,1.5681717968618614e-07,2.6436003315892173e-14,1.4901161193847656e-08,1.862645149230957e-08,1.2604425592144253e-07,1.7078691434170568e-14,1.1175870895385742e-08,2.9802322387695312e-08
202,3,1020405,4,0.0,4,0.35,0.01,256,8.514026885852316e-14,1.5919823681542766e-06,2.724488603472741e-12,7.450580596923828e-09,1.043081283569336e-07,1.5681717968618614e-07,2.6436003315892173e-14,1.4901161193847656e-08,1.862645149230957e-08,1.2604425592144253e-07,1.7078691434170568e-14,1.1175870895385742e-08,2.9802322387695312e-08
202,4,1020406,4,0.0,4,0.35,0.01,246,7.477196216788135e-14,1.4919014574843459e-06,2.392702789372203e-12,1.862645149230957e-08,2.1979212760925293e-07,1.5681717968618614e-07,2.6436003315892173e-14,1.4901161193847656e-08,1.862645149230957e-08,1.2604425592144253e-07,1.7078691434170568e-14,1.1175870895385742e-08,2.9802322387695312e-08
202,0,1020402,4,0.4,4,0.35,0.01,267,7.457257738836126e-14,1.4360249451783602e-06,2.3863224764275603e-12,-7.450580596923828e-09,2.8312206268310547e-07,1.5723178137250216e-07,2.860789066034229e-14,-1.862645149230957e-08,4.470348358154297e-08,0.17279522120952606,0.03455163538455963,0.007362551987171173,0.12919700145721436
202,1,1020403,4,0.4,4,0.35,0.03,255,6.786789148250164e-14,1.3699495866603684e-06,2.1717725274400523e-12,-7.450580596923828e-09,3.3155083656311035e-07,1.5723178137250216e-07,2.860789066034229e-14,-1.862645149230957e-08,4.470348358154297e-08,0.17279522120952606,0.03455163538455963,0.007362551987171173,0.12919700145721436
202,2,1020404,4,0.4,4,0.35,0.01,345,8.071707636048836e-14,1.494015577918617e-06,2.5829464435356275e-12,3.725290298461914e-09,2.1979212760925293e-07,1.5723178137250216e-07,2.860789066034229e-14,-1.862645149230957e-08,4.470348358154297e-08,0.17279522120952606,0.03455163538455963,0.007362551987171173,0.12919700145721436
202,3,1020405,4,0.4,4,0.35,0.03,259,8.691269546504815e-14,1.5502937458222732e-06,2.781206254881541e-12,1.1175870895385742e-08,2.1606683731079102e-07,1.5723178137250216e-07,2.860789066034229e-14,-1.862645149230957e-08,4.470348358154297e-08,0.17279522120952606,0.03455163538455963,0.007362551987171173,0.12919700145721436
202,4,1020406,4,0.4,4,0.35,0.01,271,7.16521094301821e-14,1.4076247225602856e-06,2.2928675017658273e-12,-1.1175870895385742e-08,1.601874828338623e-07,1.5723178137250216e-07,2.860789066034229e-14,-1.862645149230957e-08,4.470348358154297e-08,0.17279522120952606,0.03455163538455963,0.007362551987171173,0.12919700145721436
202,0,1020402,4,0.8,4,0.35,0.1,537,5.071338382328823e-14,1.093121454687207e-06,1.6228282823452234e-12,1.862645149230957e-08,7.450580596923828e-08,1.510402682924905e-07,3.0982845683567156e-14,1.862645149230957e-08,2.2351741790771484e-08,0.283800333738327,0.10938595235347748,0.045669469982385635,0.32898032665252686
202,1,1020403,4,0.8,4,0.35,0.1,623,2.9178962306260214e-13,2.6220563995593693e-06,9.337267938003269e-12,1.4901161193847656e-08,1.0058283805847168e-07,1.510402682924905e-07,3.0982845683567156e-14,1.862645149230957e-08,2.2351741790771484e-08,0.283800333738327,0.10938595235347748,0.045669469982385635,0.32898032665252686
202,2,1020404,4,0.8,4,0.35,0.1,491,1.4702507874359005e-13,1.8612420262797968e-06,4.704802519794882e-12,1.1175870895385742e-08,1.1920928955078125e-07,1.510402682924905e-07,3.0982845683567156e-14,1.862645149230957e-08,2.2351741790771484e-08,0.283800333738327,0.10938595235347748,0.045669469982385635,0.32898032665252686
202,3,1020405,4,0.8,4,0.35,0.1,566,1.909355377797961e-13,2.1210478280409006e-06,6.109937208953475e-12,1.1175870895385742e-08,7.078051567077637e-08,1.510402682924905e-07,3.0982845683567156e-14,1.862645149230957e-08,2.2351741790771484e-08,0.283800333738327,0.10938595235347748,0.045669469982385635,0.32898032665252686
202,4,1020406,4,0.8,4,0.35,0.1,396,6.061316813049666e-13,3.7791196518810466e-06,1.9396213801758933e-11,-1.1175870895385742e-08,1.2293457984924316e-07,1.510402682924905e-07,3.0982845683567156e-14,1.862645149230957e-08,2.2351741790771484e-08,0.283800333738327,0.10938595235347748,0.045669469982385635,0.32898032665252686
203,0,1020503,4,0.0,4,0.35,0.01,316,8.336083559545848e-12,1.5033907402539626e-05,2.6675467390546714e-10,-1.862645149230957e-08,1.1920928955078125e-07,1.348315521454424e-07,2.145613060052648e-14,1.1175870895385742e-08,6.705522537231445e-08,1.0836448183226821e-07,1.3859329265827891e-14,-3.725290298461914e-09,3.3527612686157227e-08
203,1,1020504,4,0.0,4,0.35,0.01,244,7.946148215332363e-14,1.467807692279166e-06,2.5427674289063562e-12,-1.4901161193847656e-08,1.1920928955078125e-07,1.348315521454424e-07,2.145613060052648e-14,1.1175870895385742e-08,6.705522537231445e-08,1.0836448183226821e-07,1.3859329265827891e-14,-3.725290298461914e-09,3.3527612686157227e-08
203,2,1020505,4,0.0,4,0.35,0.01,245,7.509362462366706e-14,1.4268961194829899e-06,2.402995987957346e-12,-4.0978193283081055e-08,9.685754776000977e-08,1.348315521454424e-07,2.145613060052648e-14,1.1175870895385742e-08,6.705522537231445e-08,1.0836448183226821e-07,1.3859329265827891e-14,-3.725290298461914e-09,3.3527612686157227e-08
203,3,1020506,4,0.0,4,0.35,0.01,255,8.395829875513378e-14,1.5087687188497512e-06,2.686665560164281e-12,7.450580596923828e-09,1.2293457984924316e-07,1.348315521454424e-07,2.145613060052648e-14,1.1175870895385742e-08,6.705522537231445e-08,1.0836448183226821e-07,1.3859329265827891e-14,-3.725290298461914e-09,3.3527612686157227e-08
203,4,1020507,4,0.0,4,0.35,0.03,237,7.64041878809768e-14,1.4392937828233698e-06,2.4449340121912577e-12,1.4901161193847656e-08,2.123415470123291e-07,1.348315521454424e-07,2.145613060052648e-14,1.1175870895385742e-08,6.705522537231445e-08,1.0836448183226821e-07,1.3859329265827891e-14,-3.725290298461914e-09,3.3527612686157227e-08
203,0,1020503,4,0.4,4,0.35,0.01,323,8.137019974919363e-14,1.438720346413902e-06,2.603846391974196e-12,-7.450580596923828e-09,1.0803341865539551e-07,1.2444368735486933e-07,1.9480870096320185e-14,3.725290298461914e-09,4.0978193283081055e-08,0.17909793555736542,0.04035002738237381,0.008977670222520828,0.11264123767614365
203,1,1020504,4,0.4,4,0.35,0.01,907,7.992896980130865e-14,1.4259221643442288e-06,2.5577270336418767e-12,-2.60770320892334e-08,1.0803341865539551e-07,1.2444368735486933e-07,1.9480870096320185e-14,3.725290298461914e-09,4.0978193283081055e-08,0.17909793555736542,0.04035002738237381,0.008977670222520828,0.11264123767614365
203,2,1020505,4,0.4,4,0.35,0.1,408,6.885036838615369e-14,1.3234173366072355e-06,2.203211788356918e-12,-3.3527612686157227e-08,1.0803341865539551e-07,1.2444368735486933e-07,1.9480870096320185e-14,3.725290298461914e-09,4.0978193283081055e-08,0.17909793555736542,0.04035002738237381,0.008977670222520828,0.11264123767614365
203,3,1020506,4,0.4,4,0.35,0.03,268,6.725297266784933e-14,1.307975026065833e-06,2.1520951253711784e-12,-1.4901161193847656e-08,1.2665987014770508e-07,1.2444368735486933e-07,1.9480870096320185e-14,3.725290298461914e-09,4.0978193283081055e-08,0.17909793555736542,0.04035002738237381,0.008977670222520828,0.11264123767614365
203,4,1020507,4,0.4,4,0.35,0.03,266,7.311144555434759e-14,1.3637551319334307e-06,2.339566257739123e-12,1.4901161193847656e-08,1.7508864402770996e-07,1.2444368735486933e-07,1.9480870096320185e-14,3.725290298461914e-09,4.0978193283081055e-08,0.17909793555736542,0.04035002738237381,0.008977670222520828,0.11264123767614365
203,0,1020503,4,0.8,4,0.35,0.1,581,1.1226995488876693e-13,1.5511972151216469e-06,3.5926385564405416e-12,0.0,9.685754776000977e-08,1.1443407288425078e-07,1.9551953101253766e-14,1.1175870895385742e-08,4.470348358154297e-08,0.28656044602394104,0.1226060688495636,0.04457548260688782,0.3442714214324951
203,1,1020504,4,0.8,4,0.35,0.1,479,1.3271827583594131e-06,0.005333357024937868,4.246984826750122e-05,1.372024416923523e-05,0.00012812018394470215,1.1443407288425078e-07,1.9551953101253766e-14,1.1175870895385742e-08,4.470348358154297e-08,0.28656044602394104,0.1226060688495636,0.04457548260688782,0.3442714214324951
203,2,1020505,4,0.8,4,0.35,0.1,271,7.142179100742829e-14,1.2372305491226143e-06,2.2854973122377054e-12,3.725290298461914e-09,2.086162567138672e-07,1.1443407288425078e-07,1.9551953101253766e-14,1.1175870895385742e-08,4.470348358154297e-08,0.28656044602394104,0.1226060688495636,0.04457548260688782,0.3442714214324951
203,3,1020506,4,0.8,4,0.35,0.1,451,3.321618425190104e-13,2.668149363671546e-06,1.0629178960608332e-11,-1.862645149230957e-08,1.9744038581848145e-07,1.1443407288425078e-07,1.9551953101253766e-14,1.1175870895385742e-08,4.470348358154297e-08,0.28656044602394104,0.1226060688495636,0.04457548260688782,0.3442714214324951
203,4,1020507,4,0.8,4,0.35,0.1,468,2.8987690069495753e-13,2.49253957917972e-06,9.276060822238641e-12,-2.9802322387695312e-08,1.5273690223693848e-07,1.1443407288425078e-07,1.9551953101253766e-14,1.1175870895385742e-08,4.470348358154297e-08,0.28656044602394104,0.1226060688495636,0.04457548260688782,0.3442714214324951
204,0,1020604,4,0.0,4,0.35,0.03,237,8.466861380843765e-14,1.5788465361765702e-06,2.709395641870005e-12,1.862645149230957e-08,1.5273690223693848e-07,1.7245707795154885e-07,3.232619589219922e-14,7.450580596923828e-09,2.60770320892334e-08,1.2797211468296155e-07,1.7800136500401367e-14,1.4901161193847656e-08,3.3527612686157227e-08
204,1,1020605,4,0.0,4,0.35,0.01,244,8.34051591355224e-14,1.5670220818719827e-06,2.668965092336717e-12,1.4901161193847656e-08,1.2665987014770508e-07,1.7245707795154885e-07,3.232619589219922e-14,7.450580596923828e-09,2.60770320892334e-08,1.2797211468296155e-07,1.7800136500401367e-14,1.4901161193847656e-08,3.3527612686157227e-08
204,2,1020606,4,0.0,4,0.35,0.01,240,9.225834072396077e-14,1.6480922795381048e-06,2.9522669031667448e-12,1.1175870895385742e-08,7.450580596923828e-08,1.7245707795154885e-07,3.232619589219922e-14,7.450580596923828e-09,2.60770320892334e-08,1.2797211468296155e-07,1.7800136500401367e-14,1.4901161193847656e-08,3.3527612686157227e-08
204,3,1020607,4,0.0,4,0.35,0.03,241,7.927144184127766e-14,1.5276965541488607e-06,2.536686138920885e-12,1.1175870895385742e-08,1.30385160446167e-07,1.7245707795154885e-07,3.232619589219922e-14,7.450580596923828e-09,2.60770320892334e-08,1.2797211468296155e-07,1.7800136500401367e-14,1.4901161193847656e-08,3.3527612686157227e-08
204,4,1020608,4,0.0,4,0.35,0.01,253,8.454707474490203e-14,1.577712964717648e-06,2.705506391836865e-12,2.9802322387695312e-08,1.6391277313232422e-07,1.7245707795154885e-07,3.232619589219922e-14,7.450580596923828e-09,2.60770320892334e-08,1.2797211468296155e-07,1.7800136500401367e-14,1.4901161193847656e-08,3.3527612686157227e-08
204,0,1020604,4,0.4,4,0.35,0.01,287,6.234215346647559e-14,1.3623733821077622e-06,1.994948910927219e-12,-1.1175870895385742e-08,1.1548399925231934e-07,1.7681389863355434e-07,3.3602552570967045e-14,-1.4901161193847656e-08,2.2351741790771484e-08,0.1835813671350479,0.03622401878237724,0.008694037795066833,0.12714168429374695
204,1,1020605,4,0.4,4,0.35,0.03,258,6.60417697633843e-14,1.4022149343873025e-06,2.1133366324282976e-12,2.2351741790771484e-08,2.086162567138672e-07,1.7681389863355434e-07,3.3602552570967045e-14,-1.4901161193847656e-08,2.2351741790771484e-08,0.1835813671350479,0.03622401878237724,0.008694037795066833,0.12714168429374695
204,2,1020606,4,0.4,4,0.35,0.01,287,7.997812481730371e-14,1.5430886151079903e-06,2.5592999941537187e-12,-1.1175870895385742e-08,5.960464477539063e-08,1.7681389863355434e-07,3.3602552570967045e-14,-1.4901161193847656e-08,2.2351741790771484e-08,0.1835813671350479,0.03622401878237724,0.008694037795066833,0.12714168429374695
204,3,1020607,4,0.4,4,0.35,0.01,281,3.630298847450385e-14,1.0396244078947348e-06,1.1616956311841231e-12,-1.862645149230957e-08,1.1920928955078125e-07,1.7681389863355434e-07,3.3602552570967045e-14,-1.4901161193847656e-08,2.2351741790771484e-08,0.1835813671350479,0.03622401878237724,0.008694037795066833,0.12714168429374695
204,4,1020608,4,0.4,4,0.35,0.01,266,5.880722070330385e-14,1.3231850743977702e-06,1.8818310625057233e-12,-1.4901161193847656e-08,2.4586915969848633e-07,1.7681389863355434e-07,3.3602552570967045e-14,-1.4901161193847656e-08,2.2351741790771484e-08,0.1835813671350479,0.03622401878237724,0.008694037795066833,0.12714168429374695
204,0,1020604,4,0.8,4,0.35,0.1,742,8.723692612472994e-14,1.5269338291545864e-06,2.791581635991358e-12,0.0,1.1175870895385742e-07,1.809071648040117e-07,3.918514005028101e-14,-3.725290298461914e-09,4.842877388000488e-08,0.31571879982948303,0.11934681236743927,0.05229990556836128,0.33853206038475037
204,1,1020605,4,0.8,4,0.35,0.1,985,1.2312323198742509e-13,1.81401139798254e-06,3.939943423597603e-12,4.842877388000488e-08,1.1175870895385742e-07,1.809071648040117e-07,3.918514005028101e-14,-3.725290298461914e-09,4.842877388000488e-08,0.31571879982948303,0.11934681236743927,0.05229990556836128,0.33853206038475037
204,2,1020606,4,0.8,4,0.35,0.1,408,1.6485617938041125e-13,2.099049424941768e-06,5.27539774017316e-12,1.862645149230957e-08,1.4528632164001465e-07,1.809071648040117e-07,3.918514005028101e-14,-3.725290298461914e-09,4.842877388000488e-08,0.31571879982948303,0.11934681236743927,0.05229990556836128,0.33853206038475037
204,3,1020607,4,0.8,4,0.35,0.03,767,9.92510991470498e-14,1.6286871868942399e-06,3.1760351727055935e-12,1.4901161193847656e-08,3.3527612686157227e-08,1.809071648040117e-07,3.918514005028101e-14,-3.725290298461914e-09,4.842877388000488e-08,0.31571879982948303,0.11934681236743927,0.05229990556836128,0.33853206038475037
204,4,1020608,4,0.8,4,0.35,0.1,663,1.3505041811419372e-13,1.8998442783413338e-06,4.321613379654199e-12,-1.1175870895385742e-08,1.4901161193847656e-07,1.809071648040117e-07,3.918514005028101e-14,-3.725290298461914e-09,4.842877388000488e-08,0.31571879982948303,0.11934681236743927,0.05229990556836128,0.33853206038475037
205,0,1020705,4,0.0,4,0.35,0.1,479,9.813424893664532e-14,1.6976213146335795e-06,3.1402959659726504e-12,0.0,2.0116567611694336e-07,1.1731869165032549e-07,1.4997653455511156e-14,2.9802322387695312e-08,3.725290298461914e-08,1.0160343322240806e-07,1.1248787274917293e-14,3.725290298461914e-09,5.960464477539063e-08
205,1,1020706,4,0.0,4,0.35,0.01,251,7.479485238624795e-14,1.4820619753663777e-06,2.3934352763599342e-12,-2.60770320892334e-08,1.1548399925231934e-07,1.1731869165032549e-07,1.4997653455511156e-14,2.9802322387695312e-08,3.725290298461914e-08,1.0160343322240806e-07,1.1248787274917293e-14,3.725290298461914e-09,5.960464477539063e-08
205,2,1020707,4,0.0,4,0.35,0.1,647,1.6953686989441136e-13,2.2313238332571927e-06,5.4251798366211634e-12,1.1175870895385742e-08,1.2665987014770508e-07,1.1731869165032549e-07,1.4997653455511156e-14,2.9802322387695312e-08,3.725290298461914e-08,1.0160343322240806e-07,1.1248787274917293e-14,3.725290298461914e-09,5.960464477539063e-08
205,3,1020708,4,0.0,4,0.35,0.01,257,8.255563252327139e-14,1.5570547020615777e-06,2.6417802407446844e-12,-2.60770320892334e-08,9.685754776000977e-08,1.1731869165032549e-07,1.4997653455511156e-14,2.9802322387695312e-08,3.725290298461914e-08,1.0160343322240806e-07,1.1248787274917293e-14,3.725290298461914e-09,5.960464477539063e-08
205,4,1020709,4,0.0,4,0.35,0.1,893,6.683889986619507e-12,1.4010226550453808e-05,2.1388447957182422e-10,7.450580596923828e-09,3.650784492492676e-07,1.1731869165032549e-07,1.4997653455511156e-14,2.9802322387695312e-08,3.725290298461914e-08,1.0160343322240806e-07,1.1248787274917293e-14,3.725290298461914e-09,5.960464477539063e-08
205,0,1020705,4,0.4,4,0.35,0.01,281,8.54233608220227e-14,1.5349928617069963e-06,2.7335475463047265e-12,3.725290298461914e-08,1.9744038581848145e-07,1.2134645999140048e-07,1.7083155297802598e-14,4.842877388000488e-08,5.587935447692871e-08,0.16210982203483582,0.030488258227705956,0.0072516463696956635,0.12622040510177612
205,1,1020706,4,0.4,4,0.35,0.03,253,8.996559871859641e-14,1.5752746094221948e-06,2.878899158995085e-12,1.1175870895385742e-08,2.5704503059387207e-07,1.2134645999140048e-07,1.7083155297802598e-14,4.842877388000488e-08,5.587935447692871e-08,0.16210982203483582,0.030488258227705956,0.0072516463696956635,0.12622040510177612
205,2,1020707,4,0.4,4,0.35,0.01,287,1.2308242532815816e-13,1.8425362213747576e-06,3.938637610501061e-12,2.60770320892334e-08,1.862645149230957e-07,1.2134645999140048e-07,1.7083155297802598e-14,4.842877388000488e-08,5.587935447692871e-08,0.16210982203483582,0.030488258227705956,0.0072516463696956635,0.12622040510177612
205,3,1020708,4,0.4,4,0.35,0.01,279,8.713820951692514e-14,1.5503235317737563e-06,2.7884227045416043e-12,3.725290298461914e-09,1.601874828338623e-07,1.2134645999140048e-07,1.7083155297802598e-14,4.842877388000488e-08,5.587935447692871e-08,0.16210982203483582,0.030488258227705956,0.0072516463696956635,0.12622040510177612
205,4,1020709,4,0.4,4,0.35,0.1,483,4.01342574083384e-14,1.0521450803935295e-06,1.2842962370668287e-12,2.9802322387695312e-08,1.341104507446289e-07,1.2134645999140048e-07,1.7083155297802598e-14,4.842877388000488e-08,5.587935447692871e-08,0.16210982203483582,0.030488258227705956,0.0072516463696956635,0.12622040510177612
205,0,1020705,4,0.8,4,0.35,0.03,1263,9.47262898003988e-14,1.4916530517439242e-06,3.0312412736127614e-12,-3.725290298461914e-09,4.0978193283081055e-08,1.1439372116228697e-07,1.7827451618884424e-14,-3.725290298461914e-09,5.21540641784668e-08,0.2802736461162567,0.1070161685347557,0.03702656924724579,0.40406543016433716
205,1,1020706,4,0.8,4,0.35,0.03,1023,1.7603706849427664e-13,2.0334553028078517e-06,5.6331861918168524e-12,-1.1175870895385742e-08,4.842877388000488e-08,1.1439372116228697e-07,1.7827451618884424e-14,-3.725290298461914e-09,5.21540641784668e-08,0.2802736461162567,0.1070161685347557,0.03702656924724579,0.40406543016433716
205,2,1020707,4,0.8,4,0.35,0.1,777,1.4859627742690174e-13,1.8682565041672206e-06,4.7550808776608555e-12,3.725290298461914e-09,1.1920928955078125e-07,1.1439372116228697e-07,1.7827451618884424e-14,-3.725290298461914e-09,5.21540641784668e-08,0.2802736461162567,0.1070161685347557,0.03702656924724579,0.40406543016433716
205,3,1020708,4,0.8,4,0.35,0.1,585,4.913603568077948e-14,1.0743174243543763e-06,1.5723531417849435e-12,-7.450580596923828e-09,1.1175870895385742e-07,1.1439372116228697e-07,1.7827451618884424e-14,-3.725290298461914e-09,5.21540641784668e-08,0.2802736461162567,0.1070161685347557,0.03702656924724579,0.40406543016433716
205,4,1020709,4,0.8,4,0.35,0.03,1225,1.8446664551766134e-13,2.081572347378824e-06,5.902932656565163e-12,-1.862645149230957e-08,1.4156103134155273e-07,1.1439372116228697e-07,1.7827451618884424e-14,-3.725290298461914e-09,5.21540641784668e-08,0.2802736461162567,0.1070161685347557,0.03702656924724579,0.40406543016433716
206,0,1020806,4,0.0,4,0.35,0.03,246,6.541287829323408e-14,1.3568446775025222e-06,2.0932121053834907e-12,2.2351741790771484e-08,1.1175870895385742e-07,1.6217239817706286e-07,2.990244838308072e-14,3.3527612686157227e-08,1.4901161193847656e-08,1.484459914991021e-07,2.505473652440922e-14,1.862645149230957e-08,3.3527612686157227e-08
206,1,1020807,4,0.0,4,0.35,0.01,252,9.049668160026128e-14,1.5959336678861291e-06,2.895893811208361e-12,1.4901161193847656e-08,1.30385160446167e-07,1.6217239817706286e-07,2.990244838308072e-14,3.3527612686157227e-08,1.4901161193847656e-08,1.484459914991021e-07,2.505473652440922e-14,1.862645149230957e-08,3.3527612686157227e-08
206,2,1020808,4,0.0,4,0.35,0.01,252,8.478121498031385e-14,1.544714905321598e-06,2.7129988793700432e-12,-3.725290298461914e-09,1.6763806343078613e-07,1.6217239817706286e-07,2.990244838308072e-14,3.3527612686157227e-08,1.4901161193847656e-08,1.484459914991021e-07,2.505473652440922e-14,1.862645149230957e-08,3.3527612686157227e-08
206,3,1020809,4,0.0,4,0.35,0.01,282,8.41686543053867e-14,1.5391243550766376e-06,2.6933969377723743e-12,1.4901161193847656e-08,1.0058283805847168e-07,1.6217239817706286e-07,2.990244838308072e-14,3.3527612686157227e-08,1.4901161193847656e-08,1.484459914991021e-07,2.505473652440922e-14,1.862645149230957e-08,3.3527612686157227e-08
206,4,1020810,4,0.0,4,0.35,0.01,249,8.431014946515963e-14,1.540417542855721e-06,2.6979247828851083e-12,3.725290298461914e-09,1.3783574104309082e-07,1.6217239817706286e-07,2.990244838308072e-14,3.3527612686157227e-08,1.4901161193847656e-08,1.484459914991021e-07,2.505473652440922e-14,1.862645149230957e-08,3.3527612686157227e-08
206,0,1020806,4,0.4,4,0.35,0.1,426,2.7753625745784334e-14,8.669235285196919e-07,8.881160238650987e-13,-1.862645149230957e-08,1.0803341865539551e-07,1.7093923077027284e-07,3.4529606414814354e-14,-2.2351741790771484e-08,2.60770320892334e-08,0.18292616307735443,0.03954210504889488,0.010143797844648361,0.12586891651153564
206,1,1020807,4,0.4,4,0.35,0.01,263,8.443681138396025e-14,1.512122025815188e-06,2.701977964286728e-12,0.0,2.4959444999694824e-07,1.7093923077027284e-07,3.4529606414814354e-14,-2.2351741790771484e-08,2.60770320892334e-08,0.18292616307735443,0.03954210504889488,0.010143797844648361,0.12586891651153564
206,2,1020808,4,0.4,4,0.35,0.03,262,7.367004006613928e-14,1.4124281051408616e-06,2.357441282116457e-12,-7.450580596923828e-09,2.0489096641540527e-07,1.7093923077027284e-07,3.4529606414814354e-14,-2.2351741790771484e-08,2.60770320892334e-08,0.18292616307735443,0.03954210504889488,0.010143797844648361,0.12586891651153564
206,3,1020809,4,0.4,4,0.35,0.03,262,8.874215788210946e-14,1.5501934740314027e-06,2.8397490522275026e-12,2.9802322387695312e-08,1.8998980522155762e-07,1.7093923077027284e-07,3.4529606414814354e-14,-2.2351741790771484e-08,2.60770320892334e-08,0.18292616307735443,0.03954210504889488,0.010143797844648361,0.12586891651153564
206,4,1020810,4,0.4,4,0.35,0.03,262,7.34967235726039e-14,1.4107656625128584e-06,2.3518951543233246e-12,-1.1175870895385742e-08,1.9744038581848145e-07,1.7093923077027284e-07,3.4529606414814354e-14,-2.2351741790771484e-08,2.60770320892334e-08,0.18292616307735443,0.03954210504889488,0.010143797844648361,0.12586891651153564
206,0,1020806,4,0.8,4,0.35,0.1,820,1.5038695928750595e-13,1.8759823205982684e-06,4.8123826972001904e-12,0.0,1.341104507446289e-07,1.6931626589666848e-07,3.920126416946494e-14,1.862645149230957e-08,4.0978193283081055e-08,0.29696619510650635,0.12059152126312256,0.042406417429447174,0.3163622319698334
206,1,1020807,4,0.8,4,0.35,0.03,1981,8.81144183767675e-14,1.4359758324644645e-06,2.81966138805656e-12,1.862645149230957e-08,1.2293457984924316e-07,1.6931626589666848e-07,3.920126416946494e-14,1.862645149230957e-08,4.0978193283081055e-08,0.29696619510650635,0.12059152126312256,0.042406417429447174,0.3163622319698334
206,2,1020808,4,0.8,4,0.35,0.03,1433,1.0869620091155663e-13,1.5948902500895201e-06,3.478278429169812e-12,-1.1175870895385742e-08,6.705522537231445e-08,1.6931626589666848e-07,3.920126416946494e-14,1.862645149230957e-08,4.0978193283081055e-08,0.29696619510650635,0.12059152126312256,0.042406417429447174,0.3163622319698334
206,3,1020809,4,0.8,4,0.35,0.03,1666,9.480856041649971e-14,1.4895236972733983e-06,3.0338739333279907e-12,-2.9802322387695312e-08,1.0803341865539551e-07,1.6931626589666848e-07,3.920126416946494e-14,1.862645149230957e-08,4.0978193283081055e-08,0.29696619510650635,0.12059152126312256,0.042406417429447174,0.3163622319698334
206,4,1020810,4,0.8,4,0.35,0.1,583,2.6568841571261714e-10,7.885149534558877e-05,8.502029302803749e-09,-3.725290298461914e-09,1.3671815395355225e-06,1.6931626589666848e-07,3.920126416946494e-14,1.862645149230957e-08,4.0978193283081055e-08,0.29696619510650635,0.12059152126312256,0.042406417429447174,0.3163622319698334
207,0,1020907,4,0.0,4,0.35,0.01,254,8.538570512531957e-14,1.5460946087841876e-06,2.732342564010226e-12,-1.862645149230957e-08,1.0803341865539551e-07,1.8480902497231e-07,3.903996199125341e-14,-1.1175870895385742e-08,2.9802322387695312e-08,1.3449967184442357e-07,2.0677853011666705e-14,-2.2351741790771484e-08,5.960464477539063e-08
207,1,1020908,4,0.0,4,0.35,0.01,262,8.234957312412694e-14,1.5183578625510563e-06,2.635186339972062e-12,-3.725290298461914e-09,9.685754776000977e-08,1.8480902497231e-07,3.903996199125341e-14,-1.1175870895385742e-08,2.9802322387695312e-08,1.3449967184442357e-07,2.0677853011666705e-14,-2.2351741790771484e-08,5.960464477539063e-08
207,2,1020909,4,0.0,4,0.35,0.01,254,2.089434745014551e-12,7.648175596841611e-06,6.686191184046564e-11,-7.450580596923828e-09,1.4156103134155273e-07,1.8480902497231e-07,3.903996199125341e-14,-1.1175870895385742e-08,2.9802322387695312e-08,1.3449967184442357e-07,2.0677853011666705e-14,-2.2351741790771484e-08,5.960464477539063e-08
207,3,1020910,4,0.0,4,0.35,0.01,257,8.808315947288203e-14,1.5703263898103614e-06,2.818661103132225e-12,0.0,1.1175870895385742e-07,1.8480902497231e-07,3.903996199125341e-14,-1.1175870895385742e-08,2.9802322387695312e-08,1.3449967184442357e-07,2.0677853011666705e-14,-2.2351741790771484e-08,5.960464477539063e-08
207,4,1020911,4,0.0,4,0.35,0.01,356,4.544404349354769e-12,1.1279294994892552e-05,1.4542093917935262e-10,-1.4901161193847656e-08,8.940696716308594e-08,1.8480902497231e-07,3.903996199125341e-14,-1.1175870895385742e-08,2.9802322387695312e-08,1.3449967184442357e-07,2.0677853011666705e-14,-2.2351741790771484e-08,5.960464477539063e-08
207,0,1020907,4,0.4,4,0.35,0.01,298,1.0164978803345673e-13,1.6518198435733211e-06,3.2527932170706153e-12,-1.1175870895385742e-08,7.078051567077637e-08,1.7426052068003628e-07,3.6201713827198334e-14,-1.1175870895385742e-08,1.1175870895385742e-08,0.16457247734069824,0.0322883240878582,0.007821876555681229,0.11227013170719147
207,1,1020908,4,0.4,4,0.35,0.03,339,2.439825143134289e-13,2.5591089070076123e-06,7.807440458029724e-12,2.60770320892334e-08,8.940696716308594e-08,1.7426052068003628e-07,3.6201713827198334e-14,-1.1175870895385742e-08,1.1175870895385742e-08,0.16457247734069824,0.0322883240878582,0.007821876555681229,0.11227013170719147
207,2,1020909,4,0.4,4,0.35,0.1,346,1.0179441382700272e-13,1.6529945696674986e-06,3.257421242464087e-12,-2.60770320892334e-08,1.7508864402770996e-07,1.7426052068003628e-07,3.6201713827198334e-14,-1.1175870895385742e-08,1.1175870895385742e-08,0.16457247734069824,0.0322883240878582,0.007821876555681229,0.11227013170719147
207,3,1020910,4,0.4,4,0.35,0.01,280,8.727449373000656e-14,1.5305696479117614e-06,2.79278379936021e-12,7.450580596923828e-09,1.601874828338623e-07,1.7426052068003628e-07,3.6201713827198334e-14,-1.1175870895385742e-08,1.1175870895385742e-08,0.16457247734069824,0.0322883240878582,0.007821876555681229,0.11227013170719147
207,4,1020911,4,0.4,4,0.35,0.01,272,8.164960542530672e-14,1.4804252259636996e-06,2.612787373609815e-12,-1.4901161193847656e-08,1.9371509552001953e-07,1.7426052068003628e-07,3.6201713827198334e-14,-1.1175870895385742e-08,1.1175870895385742e-08,0.16457247734069824,0.0322883240878582,0.007821876555681229,0.11227013170719147
207,0,1020907,4,0.8,4,0.35,0.1,604,2.5389450741472586e-13,2.4279015633510426e-06,8.124624237271227e-12,1.1175870895385742e-08,9.313225746154785e-08,1.7154894749182859e-07,4.05617989825309e-14,-1.4901161193847656e-08,3.3527612686157227e-08,0.27650678157806396,0.1053786501288414,0.03376419469714165,0.32868802547454834
207,1,1020908,4,0.8,4,0.35,0.1,689,7.706449410907479e-14,1.3376164815781522e-06,2.4660638114903932e-12,-3.725290298461914e-09,7.82310962677002e-08,1.7154894749182859e-07,4.05617989825309e-14,-1.4901161193847656e-08,3.3527612686157227e-08,0.27650678157806396,0.1053786501288414,0.03376419469714165,0.32868802547454834
207,2,1020909,4,0.8,4,0.35,0.1,513,1.7130356378194933e-13,1.9942870039812988e-06,5.4817140410223786e-12,-7.450580596923828e-09,1.1175870895385742e-07,1.7154894749182859e-07,4.05617989825309e-14,-1.4901161193847656e-08,3.3527612686157227e-08,0.27650678157806396,0.1053786501288414,0.03376419469714165,0.32868802547454834
207,3,1020910,4,0.8,4,0.35,0.03,1119,5.646170198048139e-09,0.00036206076038070023,1.8067744633754046e-07,7.078051567077637e-08,1.125037670135498e-06,1.7154894749182859e-07,4.05617989825309e-14,-1.4901161193847656e-08,3.3527612686157227e-08,0.27650678157806396,0.1053786501288414,0.03376419469714165,0.32868802547454834
207,4,1020911,4,0.8,4,0.35,0.1,436,8.324049593057617e-14,1.3901823194828467e-06,2.6636958697784374e-12,-1.4901161193847656e-08,5.960464477539063e-08,1.7154894749182859e-07,4.05617989825309e-14,-1.4901161193847656e-08,3.3527612686157227e-08,0.27650678157806396,0.1053786501288414,0.03376419469714165,0.32868802547454834
208,0,1021008,4,0.0,4,0.35,0.1,893,6.25377367621284e-14,1.2975091294720187e-06,2.0012075763881088e-12,2.60770320892334e-08,2.2724270820617676e-07,1.5292418709123012e-07,2.779864893506269e-14,1.4901161193847656e-08,3.3527612686157227e-08,1.4954666482935863e-07,2.6584271351111355e-14,2.60770320892334e-08,3.3527612686157227e-08
208,1,1021009,4,0.0,4,0.35,0.01,254,8.436812040006972e-14,1.5070529570948565e-06,2.699779852802231e-12,2.2351741790771484e-08,1.564621925354004e-07,1.5292418709123012e-07,2.779864893506269e-14,1.4901161193847656e-08,3.3527612686157227e-08,1.4954666482935863e-07,2.6584271351111355e-14,2.60770320892334e-08,3.3527612686157227e-08
208,2,1021010,4,0.0,4,0.35,0.01,256,9.179817144064004e-14,1.5720137298558257e-06,2.937541486100481e-12,1.4901161193847656e-08,1.1548399925231934e-07,1.5292418709123012e-07,2.779864893506269e-14,1.4901161193847656e-08,3.3527612686157227e-08,1.4954666482935863e-07,2.6584271351111355e-14,2.60770320892334e-08,3.3527612686157227e-08
208,3,1021011,4,0.0,4,0.35,0.1,591,1.1693943068654539e-13,1.7742704585543834e-06,3.742061781969452e-12,3.725290298461914e-08,1.4901161193847656e-07,1.5292418709123012e-07,2.779864893506269e-14,1.4901161193847656e-08,3.3527612686157227e-08,1.4954666482935863e-07,2.6584271351111355e-14,2.60770320892334e-08,3.3527612686157227e-08
208,4,1021012,4,0.0,4,0.35,0.03,245,8.563652174539693e-14,1.5183393315965077e-06,2.740368695852702e-12,2.2351741790771484e-08,1.5273690223693848e-07,1.5292418709123012e-07,2.779864893506269e-14,1.4901161193847656e-08,3.3527612686157227e-08,1.4954666482935863e-07,2.6584271351111355e-14,2.60770320892334e-08,3.3527612686157227e-08
208,0,1021008,4,0.4,4,0.35,0.1,796,1.8719166570545925e-13,2.16101466321561e-06,5.990133302574696e-12,-7.450580596923828e-09,1.4901161193847656e-07,1.7263933216327132e-07,3.8229666556987424e-14,0.0,5.960464477539063e-08,0.1615346074104309,0.03346972540020943,0.008852478116750717,0.12206807732582092
208,1,1021009,4,0.4,4,0.35,0.1,546,5.768240160693161e-14,1.19959918265522e-06,1.8458368514218115e-12,3.725290298461914e-09,1.1920928955078125e-07,1.7263933216327132e-07,3.8229666556987424e-14,0.0,5.960464477539063e-08,0.1615346074104309,0.03346972540020943,0.008852478116750717,0.12206807732582092
208,2,1021010,4,0.4,4,0.35,0.03,1104,1.0117421630302312e-13,1.5887275139903068e-06,3.2375749216967398e-12,1.862645149230957e-08,1.1548399925231934e-07,1.7263933216327132e-07,3.8229666556987424e-14,0.0,5.960464477539063e-08,0.1615346074104309,0.03346972540020943,0.008852478116750717,0.12206807732582092
208,3,1021011,4,0.4,4,0.35,0.1,499,7.019114022649431e-14,1.3232918263383908e-06,2.246116487247818e-12,7.450580596923828e-09,1.30385160446167e-07,1.7263933216327132e-07,3.8229666556987424e-14,0.0,5.960464477539063e-08,0.1615346074104309,0.03346972540020943,0.008852478116750717,0.12206807732582092
208,4,1021012,4,0.4,4,0.35,0.03,325,7.857209078244304e-14,1.4000664805280394e-06,2.5143069050381772e-12,1.4901161193847656e-08,8.568167686462402e-08,1.7263933216327132e-07,3.8229666556987424e-14,0.0,5.960464477539063e-08,0.1615346074104309,0.03346972540020943,0.008852478116750717,0.12206807732582092
208,0,1021008,4,0.8,4,0.35,0.1,606,8.845901174936444e-05,0.043076008558273315,0.002830688375979662,0.0025552771985530853,0.0025435201823711395,1.7728784484916105e-07,4.7948942722125104e-14,-1.862645149230957e-08,2.2351741790771484e-08,0.2770695090293884,0.11711125075817108,0.03644704818725586,0.41839921474456787
208,1,1021009,4,0.8,4,0.35,0.03,1059,8.83453176356852e-05,0.043048322200775146,0.0028270501643419266,0.0025538206100463867,0.0025535672903060913,1.7728784484916105e-07,4.7948942722125104e-14,-1.862645149230957e-08,2.2351741790771484e-08,0.2770695090293884,0.11711125075817108,0.03644704818725586,0.41839921474456787
208,2,1021010,4,0.8,4,0.35,0.1,536,8.833520405460149e-05,0.043045852333307266,0.0028267265297472477,0.0025536417961120605,0.0025536268949508667,1.7728784484916105e-07,4.7948942722125104e-14,-1.862645149230957e-08,2.2351741790771484e-08,0.2770695090293884,0.11711125075817108,0.03644704818725586,0.41839921474456787
208,3,1021011,4,0.8,4,0.35,0.01,2000,8.820748189464211e-05,0.04301472753286362,0.0028226394206285477,0.0025526322424411774,0.0025531984865665436,1.7728784484916105e-07,4.7948942722125104e-14,-1.862645149230957e-08,2.2351741790771484e-08,0.2770695090293884,0.11711125075817108,0.03644704818725586,0.41839921474456787
208,4,1021012,4,0.8,4,0.35,0.01,2000,8.815042383503169e-05,0.04300080984830856,0.002820813562721014,0.002551853656768799,0.002551887184381485,1.7728784484916105e-07,4.7948942722125104e-14,-1.862645149230957e-08,2.2351741790771484e-08,0.2770695090293884,0.11711125075817108,0.03644704818725586,0.41839921474456787
209,0,1021109,4,0.0,4,0.35,0.03,307,5.58535639613722e-13,3.9845085666456725e-06,1.7873140467639104e-11,2.60770320892334e-08,1.341104507446289e-07,1.817094954503773e-07,3.7171200633571294e-14,-3.725290298461914e-09,1.4901161193847656e-08,9.970620595822766e-08,1.1191690478008776e-14,7.450580596923828e-09,1.1175870895385742e-08
209,1,1021110,4,0.0,4,0.35,0.01,257,7.603460368916723e-14,1.470127358516038e-06,2.4331073180533513e-12,7.450580596923828e-09,1.30385160446167e-07,1.817094954503773e-07,3.7171200633571294e-14,-3.725290298461914e-09,1.4901161193847656e-08,9.970620595822766e-08,1.1191690478008776e-14,7.450580596923828e-09,1.1175870895385742e-08
209,2,1021111,4,0.0,4,0.35,0.01,256,1.795252585912871e-13,2.2589786112803267e-06,5.744808274921187e-12,3.3527612686157227e-08,1.2665987014770508e-07,1.817094954503773e-07,3.7171200633571294e-14,-3.725290298461914e-09,1.4901161193847656e-08,9.970620595822766e-08,1.1191690478008776e-14,7.450580596923828e-09,1.1175870895385742e-08
209,3,1021112,4,0.0,4,0.35,0.03,238,5.53302893682283e-14,1.254095991498616e-06,1.7705692597833056e-12,3.725290298461914e-09,2.60770320892334e-07,1.817094954503773e-07,3.7171200633571294e-14,-3.725290298461914e-09,1.4901161193847656e-08,9.970620595822766e-08,1.1191690478008776e-14,7.450580596923828e-09,1.1175870895385742e-08
209,4,1021113,4,0.0,4,0.35,0.01,245,8.886380536586233e-14,1.5893215277174022e-06,2.8436417717075946e-12,1.1175870895385742e-08,1.4901161193847656e-07,1.817094954503773e-07,3.7171200633571294e-14,-3.725290298461914e-09,1.4901161193847656e-08,9.970620595822766e-08,1.1191690478008776e-14,7.450580596923828e-09,1.1175870895385742e-08
209,0,1021109,4,0.4,4,0.35,0.03,267,7.266216572659676e-14,1.3980505855215597e-06,2.325189303251096e-12,3.725290298461914e-09,1.9744038581848145e-07,1.8508194443711545e-07,4.075122604272306e-14,-2.2351741790771484e-08,3.725290298461914e-08,0.1700621396303177,0.03440549597144127,0.006244394928216934,0.1459193229675293
209,1,1021110,4,0.4,4,0.35,0.01,289,8.671324292289229e-14,1.527254539723799e-06,2.774823773532553e-12,-3.725290298461914e-09,8.568167686462402e-08,1.8508194443711545e-07,4.075122604272306e-14,-2.2351741790771484e-08,3.725290298461914e-08,0.1700621396303177,0.03440549597144127,0.006244394928216934,0.1459193229675293
209,2,1021111,4,0.4,4,0.35,0.03,267,7.906055774246565e-14,1.4583059737560689e-06,2.5299378477589007e-12,1.1175870895385742e-08,1.341104507446289e-07,1.8508194443711545e-07,4.075122604272306e-14,-2.2351741790771484e-08,3.725290298461914e-08,0.1700621396303177,0.03440549597144127,0.006244394928216934,0.1459193229675293
209,3,1021112,4,0.4,4,0.35,0.01,275,8.371326906415205e-14,1.500603161730396e-06,2.6788246100528657e-12,2.2351741790771484e-08,1.862645149230957e-07,1.8508194443711545e-07,4.075122604272306e-14,-2.2351741790771484e-08,3.725290298461914e-08,0.1700621396303177,0.03440549597144127,0.006244394928216934,0.1459193229675293
209,4,1021113,4,0.4,4,0.35,0.03,264,8.231254084367298e-14,1.4879958598612575e-06,2.6340013069975354e-12,0.0,2.4586915969848633e-07,1.8508194443711545e-07,4.075122604272306e-14,-2.2351741790771484e-08,3.725290298461914e-08,0.1700621396303177,0.03440549597144127,0.006244394928216934,0.1459193229675293
209,0,1021109,4,0.8,4,0.35,0.03,1140,1.0122763358880876e-13,1.5349306750067626e-06,3.2392842748418804e-12,1.4901161193847656e-08,7.450580596923828e-08,1.8833019055364275e-07,4.876535373427027e-14,-1.4901161193847656e-08,2.9802322387695312e-08,0.2936801612377167,0.11858253926038742,0.03812601789832115,0.43969711661338806
209,1,1021110,4,0.8,4,0.35,0.03,904,9.097334430913095e-14,1.4551116009897669e-06,2.9111470178921905e-12,1.862645149230957e-08,4.842877388000488e-08,1.8833019055364275e-07,4.876535373427027e-14,-1.4901161193847656e-08,2.9802322387695312e-08,0.2936801612377167,0.11858253926038742,0.03812601789832115,0.43969711661338806
209,2,1021111,4,0.8,4,0.35,0.03,930,2.8583469006407056e-14,8.156366106959467e-07,9.146710082050258e-13,2.60770320892334e-08,9.313225746154785e-08,1.8833019055364275e-07,4.876535373427027e-14,-1.4901161193847656e-08,2.9802322387695312e-08,0.2936801612377167,0.11858253926038742,0.03812601789832115,0.43969711661338806
209,3,1021112,4,0.8,4,0.35,0.1,680,2.83050953552369e-13,2.566678858784144e-06,9.057630513675807e-12,-7.450580596923828e-09,1.341104507446289e-07,1.8833019055364275e-07,4.876535373427027e-14,-1.4901161193847656e-08,2.9802322387695312e-08,0.2936801612377167,0.11858253926038742,0.03812601789832115,0.43969711661338806
209,4,1021113,4,0.8,4,0.35,0.1,883,1.3008441979850405e-13,1.7400104752596235e-06,4.1627014335521295e-12,1.1175870895385742e-08,5.21540641784668e-08,1.8833019055364275e-07,4.876535373427027e-14,-1.4901161193847656e-08,2.9802322387695312e-08,0.2936801612377167,0.11858253926038742,0.03812601789832115,0.43969711661338806
