architecture,scenario,seed,per_class,adaptation_examples,method_id,method,implementation,allocation,selected_learning_rate,lora_plus_ratio,validation_accuracy,validation_nll,best_epoch,epochs_ran,trainable_parameters,train_seconds,target_accuracy,target_macro_f1,target_nll,clean_accuracy,clean_macro_f1,clean_nll
mlp,mixed,301,5,50,lora,LoRA,lora,4-4-4,0.03,1.0,0.6611111111111111,1.752844214439392,10,28,1832,0.1142003630002364,0.6138888888888889,0.6056715484904311,1.9835758209228516,0.9194444444444444,0.919744767734486,0.3316381871700287
mlp,mixed,301,5,50,lora_plus,LoRA+,lora_plus,4-4-4,0.003,16.0,0.6388888888888888,2.1075398921966553,45,63,1832,0.24875430500014772,0.5916666666666667,0.590666583901878,2.41630220413208,0.7111111111111111,0.707895293472679,2.0855085849761963
mlp,mixed,301,5,50,dora,DoRA,dora,4-4-4,0.03,1.0,0.6388888888888888,1.5321882963180542,10,28,2034,0.12253676499994981,0.6111111111111112,0.6065450882364066,1.6742911338806152,0.8944444444444445,0.8946947191943163,0.4068203270435333
mlp,mixed,301,5,50,lora_matched,LoRA (DoRA-matched budget),lora,5-4-4,0.03,1.0,0.65,1.7291961908340454,10,28,2024,0.11735719999978755,0.6222222222222222,0.6179739116261601,1.9316318035125732,0.9166666666666666,0.916571185771183,0.32193154096603394
mlp,mixed,301,5,50,dora_budgeted,DoRA (LoRA-budget ceiling),dora,4-3-3,0.03,1.0,0.6472222222222223,1.474924921989441,12,30,1768,0.13061637900000278,0.6277777777777778,0.6255681595964386,1.6483687162399292,0.8861111111111111,0.8867666209068099,0.5520269870758057
mlp,mixed,301,10,100,lora,LoRA,lora,4-4-4,0.03,1.0,0.7166666666666667,1.7020331621170044,47,65,1832,0.3281981180002731,0.6611111111111111,0.6531510199870398,2.0712339878082275,0.8222222222222222,0.821734760119738,1.5261744260787964
mlp,mixed,301,10,100,lora_plus,LoRA+,lora_plus,4-4-4,0.003,16.0,0.7027777777777777,1.5204087495803833,37,55,1832,0.2833272279999619,0.65,0.6438382415035232,1.7808271646499634,0.7916666666666666,0.7845857342479912,1.4811562299728394
mlp,mixed,301,10,100,dora,DoRA,dora,4-4-4,0.03,1.0,0.7194444444444444,1.099708914756775,35,53,2034,0.3121637469998859,0.6666666666666666,0.6544106719711424,1.2814692258834839,0.7805555555555556,0.7772639955264202,1.23056161403656
mlp,mixed,301,10,100,lora_matched,LoRA (DoRA-matched budget),lora,5-4-4,0.03,1.0,0.7361111111111112,1.7464628219604492,54,72,2024,0.3598652960004074,0.6888888888888889,0.6815802952176966,1.921267032623291,0.8333333333333334,0.8339571896234753,1.4416266679763794
mlp,mixed,301,10,100,dora_budgeted,DoRA (LoRA-budget ceiling),dora,4-3-3,0.03,1.0,0.725,0.9965357184410095,29,47,1768,0.2714742630000728,0.6861111111111111,0.6786706601924742,1.1827893257141113,0.7944444444444444,0.7932127392302418,1.0847060680389404
mlp,mixed,301,20,200,lora,LoRA,lora,4-4-4,0.03,1.0,0.7416666666666667,0.96038818359375,14,32,1832,0.22449840800027232,0.6916666666666667,0.6879388555442006,1.1766053438186646,0.8472222222222222,0.8502491344649392,0.9318446516990662
mlp,mixed,301,20,200,lora_plus,LoRA+,lora_plus,4-4-4,0.003,16.0,0.7361111111111112,1.209389567375183,39,57,1832,0.4090250519998335,0.675,0.6696558865190284,1.4024783372879028,0.7805555555555556,0.7817408938837846,1.339842677116394
mlp,mixed,301,20,200,dora,DoRA,dora,4-4-4,0.03,1.0,0.7388888888888889,0.9826810359954834,34,52,2034,0.4251045129999511,0.7166666666666667,0.7121165913570977,1.1170145273208618,0.7527777777777778,0.7504845175298513,1.4987576007843018
mlp,mixed,301,20,200,lora_matched,LoRA (DoRA-matched budget),lora,5-4-4,0.03,1.0,0.7333333333333333,1.3856745958328247,28,46,2024,0.33230647900018084,0.6666666666666666,0.6608483085835127,1.749335765838623,0.75,0.752013742428199,2.3819808959960938
mlp,mixed,301,20,200,dora_budgeted,DoRA (LoRA-budget ceiling),dora,4-3-3,0.03,1.0,0.7305555555555555,0.9491527080535889,27,45,1768,0.3681737349998002,0.7222222222222222,0.7138174945248543,1.0187342166900635,0.7777777777777778,0.7801369846826057,1.1645406484603882
mlp,mixed,301,40,400,lora,LoRA,lora,4-4-4,0.03,1.0,0.7805555555555556,0.8880177736282349,18,36,1832,0.36951955299991823,0.7138888888888889,0.7129516948145613,0.9675509929656982,0.8333333333333334,0.8348731354527865,0.8824091553688049
mlp,mixed,301,40,400,lora_plus,LoRA+,lora_plus,4-4-4,0.003,16.0,0.7583333333333333,1.079278826713562,40,58,1832,0.5912160190000577,0.7166666666666667,0.7126148460560643,1.126543641090393,0.7888888888888889,0.7898125511122733,1.4632352590560913
mlp,mixed,301,40,400,dora,DoRA,dora,4-4-4,0.03,1.0,0.7944444444444444,0.8232994675636292,36,54,2034,0.6400051360001271,0.7361111111111112,0.7318152801552478,0.9230296015739441,0.7722222222222223,0.761924752000764,1.5527116060256958
mlp,mixed,301,40,400,lora_matched,LoRA (DoRA-matched budget),lora,5-4-4,0.03,1.0,0.7805555555555556,0.9519330263137817,21,39,2024,0.38691315300002316,0.7416666666666667,0.738464256037369,1.0612062215805054,0.8027777777777778,0.8013144149413879,1.5254970788955688
mlp,mixed,301,40,400,dora_budgeted,DoRA (LoRA-budget ceiling),dora,4-3-3,0.03,1.0,0.7833333333333333,0.8432042598724365,36,54,1768,0.6427375640000719,0.7416666666666667,0.7382511769034036,0.9146543145179749,0.7583333333333333,0.7511560472813047,1.5564720630645752
mlp,mixed,302,5,50,lora,LoRA,lora,4-4-4,0.03,1.0,0.6222222222222222,2.233213186264038,18,36,1832,0.14255959699994492,0.6222222222222222,0.6093795584333369,2.290771245956421,0.8555555555555555,0.8507830951224209,1.2352540493011475
mlp,mixed,302,5,50,lora_plus,LoRA+,lora_plus,4-4-4,0.003,16.0,0.6138888888888889,2.225372314453125,11,29,1832,0.11583506699980717,0.6166666666666667,0.6150251440410777,2.045795202255249,0.9194444444444444,0.9183096540910982,0.41156208515167236
mlp,mixed,302,5,50,dora,DoRA,dora,4-4-4,0.03,1.0,0.6305555555555555,1.626781940460205,29,47,2034,0.20316994299992075,0.6305555555555555,0.6188731624028294,1.7265596389770508,0.7722222222222223,0.7586615959931156,1.7339144945144653
mlp,mixed,302,5,50,lora_matched,LoRA (DoRA-matched budget),lora,5-4-4,0.03,1.0,0.6166666666666667,2.423011302947998,25,43,2024,0.17119815699970786,0.6361111111111111,0.6223283748672876,2.432543992996216,0.7972222222222223,0.787347083276583,2.0450172424316406
mlp,mixed,302,5,50,dora_budgeted,DoRA (LoRA-budget ceiling),dora,4-3-3,0.03,1.0,0.6472222222222223,1.697232723236084,94,112,1768,0.4982879479998701,0.6222222222222222,0.6071762970107356,1.8292410373687744,0.6944444444444444,0.6659267842623211,2.5004613399505615
mlp,mixed,302,10,100,lora,LoRA,lora,4-4-4,0.03,1.0,0.7,1.3016818761825562,12,30,1832,0.14899681499991857,0.6527777777777778,0.6430936075347511,1.365909457206726,0.8472222222222222,0.8451500817337599,0.8843968510627747
mlp,mixed,302,10,100,lora_plus,LoRA+,lora_plus,4-4-4,0.003,16.0,0.6722222222222223,1.5447160005569458,26,44,1832,0.22182286799989015,0.6444444444444445,0.6340701584950313,1.494377851486206,0.8333333333333334,0.8239926426808507,0.9998782873153687
mlp,mixed,302,10,100,dora,DoRA,dora,4-4-4,0.03,1.0,0.7222222222222222,1.013682246208191,26,44,2034,0.25437289299998156,0.7,0.6923844911094726,1.0309206247329712,0.7666666666666667,0.7523145930649286,1.3423264026641846
mlp,mixed,302,10,100,lora_matched,LoRA (DoRA-matched budget),lora,5-4-4,0.03,1.0,0.7333333333333333,1.401749610900879,36,54,2024,0.26308640200022637,0.7,0.6915794857795973,1.3898736238479614,0.7777777777777778,0.7675832274342987,1.708061695098877
mlp,mixed,302,10,100,dora_budgeted,DoRA (LoRA-budget ceiling),dora,4-3-3,0.03,1.0,0.6972222222222222,1.090458869934082,31,49,1768,0.27036560000033205,0.7166666666666667,0.7122535523973694,1.1245696544647217,0.7472222222222222,0.728931879081595,1.5449621677398682
mlp,mixed,302,20,200,lora,LoRA,lora,4-4-4,0.03,1.0,0.7444444444444445,1.215466022491455,30,48,1832,0.3292045070002132,0.7194444444444444,0.713955875064492,1.2775520086288452,0.8,0.797048959145594,1.486505150794983
mlp,mixed,302,20,200,lora_plus,LoRA+,lora_plus,4-4-4,0.003,16.0,0.7361111111111112,1.1655056476593018,19,37,1832,0.25780785699998887,0.6944444444444444,0.6894694478368455,1.2065646648406982,0.9,0.9013086305403901,0.48535850644111633
mlp,mixed,302,20,200,dora,DoRA,dora,4-4-4,0.03,1.0,0.7583333333333333,0.7645713686943054,9,27,2034,0.21264502800022456,0.7138888888888889,0.7055423440655868,0.83091801404953,0.8944444444444445,0.8936558890906717,0.4187101125717163
mlp,mixed,302,20,200,lora_matched,LoRA (DoRA-matched budget),lora,5-4-4,0.03,1.0,0.7583333333333333,1.1008893251419067,23,41,2024,0.28425524900012533,0.7388888888888889,0.7322901994766619,1.132858395576477,0.8166666666666667,0.8168844268322892,1.3764686584472656
mlp,mixed,302,20,200,dora_budgeted,DoRA (LoRA-budget ceiling),dora,4-3-3,0.03,1.0,0.7583333333333333,0.8091501593589783,11,29,1768,0.2378156179997859,0.7222222222222222,0.7115637983339225,0.813206672668457,0.8472222222222222,0.8461981531741877,0.5484893321990967
mlp,mixed,302,40,400,lora,LoRA,lora,4-4-4,0.03,1.0,0.7861111111111111,1.3404620885849,70,88,1832,0.8943800340002781,0.7805555555555556,0.7753943729481897,1.3154548406600952,0.7083333333333334,0.7046160226026807,3.006943464279175
mlp,mixed,302,40,400,lora_plus,LoRA+,lora_plus,4-4-4,0.003,16.0,0.7888888888888889,0.9149668216705322,20,38,1832,0.38833825200026695,0.7361111111111112,0.7319774834208714,0.9106666445732117,0.8333333333333334,0.8319509352666351,1.0253840684890747
mlp,mixed,302,40,400,dora,DoRA,dora,4-4-4,0.03,1.0,0.7833333333333333,0.8856901526451111,29,47,2034,0.6114566429996557,0.7666666666666667,0.7632909461392665,0.9088014364242554,0.7,0.6838753583781318,2.1507296562194824
mlp,mixed,302,40,400,lora_matched,LoRA (DoRA-matched budget),lora,5-4-4,0.03,1.0,0.7944444444444444,1.1205580234527588,35,53,2024,0.6809064170001875,0.7694444444444445,0.768212465655482,1.2658499479293823,0.7277777777777777,0.7285701147017198,2.148812770843506
mlp,mixed,302,40,400,dora_budgeted,DoRA (LoRA-budget ceiling),dora,4-3-3,0.03,1.0,0.7805555555555556,0.6968775391578674,12,30,1768,0.4218932369999493,0.7583333333333333,0.7505927656310979,0.7492085695266724,0.8,0.7959814348652371,0.9956639409065247
mlp,mixed,303,5,50,lora,LoRA,lora,4-4-4,0.03,1.0,0.6111111111111112,2.223095417022705,16,34,1832,0.1594671399998333,0.6222222222222222,0.6141235986836737,2.002861499786377,0.8638888888888889,0.8596353664088404,0.7794800400733948
mlp,mixed,303,5,50,lora_plus,LoRA+,lora_plus,4-4-4,0.003,16.0,0.6083333333333333,2.303269863128662,53,71,1832,0.316404607000095,0.6027777777777777,0.5966271459468953,2.20747709274292,0.7916666666666666,0.7741087199481961,1.5834543704986572
mlp,mixed,303,5,50,dora,DoRA,dora,4-4-4,0.03,1.0,0.6333333333333333,1.52861750125885,18,36,2034,0.1670232900000883,0.6166666666666667,0.6024014512028961,1.4976530075073242,0.8361111111111111,0.8274295968999219,0.7890657186508179
mlp,mixed,303,5,50,lora_matched,LoRA (DoRA-matched budget),lora,5-4-4,0.03,1.0,0.6222222222222222,2.080266237258911,16,34,2024,0.14580604000002495,0.6083333333333333,0.601124579820552,1.965296745300293,0.8972222222222223,0.8948885247888901,0.4681832194328308
mlp,mixed,303,5,50,dora_budgeted,DoRA (LoRA-budget ceiling),dora,4-3-3,0.03,1.0,0.625,1.6242283582687378,17,35,1768,0.1608586010002,0.6194444444444445,0.6101846432342881,1.5274180173873901,0.8444444444444444,0.8343982047247611,0.7950258851051331
mlp,mixed,303,10,100,lora,LoRA,lora,4-4-4,0.03,1.0,0.6638888888888889,1.53371000289917,15,33,1832,0.16309723399990617,0.6527777777777778,0.6438411492176416,1.6905624866485596,0.8111111111111111,0.8112506518717307,1.3002227544784546
mlp,mixed,303,10,100,lora_plus,LoRA+,lora_plus,4-4-4,0.003,16.0,0.6694444444444444,1.6108170747756958,30,48,1832,0.23528696899984425,0.6472222222222223,0.643927556165367,1.7685414552688599,0.7944444444444444,0.787901926096905,1.2702480554580688
mlp,mixed,303,10,100,dora,DoRA,dora,4-4-4,0.03,1.0,0.6777777777777778,1.2255306243896484,32,50,2034,0.26566946899993127,0.6583333333333333,0.6578005963000619,1.2427785396575928,0.7611111111111111,0.7581347858802512,1.0836156606674194
mlp,mixed,303,10,100,lora_matched,LoRA (DoRA-matched budget),lora,5-4-4,0.03,1.0,0.6666666666666666,1.8500298261642456,25,43,2024,0.20167161800009126,0.65,0.6412847569505995,2.0365006923675537,0.775,0.7785330522835885,1.6840068101882935
mlp,mixed,303,10,100,dora_budgeted,DoRA (LoRA-budget ceiling),dora,4-3-3,0.03,1.0,0.6722222222222223,1.1285401582717896,10,28,1768,0.14510943999994197,0.6888888888888889,0.6843222488852612,1.1398561000823975,0.8111111111111111,0.7959847636044355,0.7676535844802856
mlp,mixed,303,20,200,lora,LoRA,lora,4-4-4,0.03,1.0,0.7027777777777777,1.2956913709640503,12,30,1832,0.19829096300009041,0.6972222222222222,0.687325738834254,1.3448680639266968,0.7916666666666666,0.7963905941897323,1.3063277006149292
mlp,mixed,303,20,200,lora_plus,LoRA+,lora_plus,4-4-4,0.003,16.0,0.7055555555555556,1.357316255569458,45,63,1832,0.4165360449997024,0.675,0.664910186307001,1.5644358396530151,0.7805555555555556,0.7761901035712281,1.437865138053894
mlp,mixed,303,20,200,dora,DoRA,dora,4-4-4,0.03,1.0,0.7333333333333333,1.0955077409744263,35,53,2034,0.40670578200024465,0.6944444444444444,0.679722331760858,1.2191085815429688,0.7138888888888889,0.7025082243788157,1.8441847562789917
mlp,mixed,303,20,200,lora_matched,LoRA (DoRA-matched budget),lora,5-4-4,0.03,1.0,0.7083333333333334,1.453820824623108,30,48,2024,0.3428250580000167,0.7138888888888889,0.7097601210655426,1.4831864833831787,0.7611111111111111,0.7570206837830415,2.0320723056793213
mlp,mixed,303,20,200,dora_budgeted,DoRA (LoRA-budget ceiling),dora,4-3-3,0.03,1.0,0.7111111111111111,1.003272533416748,18,36,1768,0.2826989989998765,0.6861111111111111,0.6759109968557843,1.01680326461792,0.7805555555555556,0.7690700113561041,0.9780039191246033
mlp,mixed,303,40,400,lora,LoRA,lora,4-4-4,0.03,1.0,0.7555555555555555,1.0864194631576538,15,33,1832,0.3229857239998637,0.6972222222222222,0.6865062701782408,1.2407764196395874,0.7444444444444445,0.7527672895786915,2.1046993732452393
mlp,mixed,303,40,400,lora_plus,LoRA+,lora_plus,4-4-4,0.003,16.0,0.7638888888888888,1.0705127716064453,37,55,1832,0.5373479849999967,0.7361111111111112,0.7298971387569215,1.1531994342803955,0.7638888888888888,0.7693436393047766,2.285545587539673
mlp,mixed,303,40,400,dora,DoRA,dora,4-4-4,0.03,1.0,0.7555555555555555,0.7506888508796692,10,28,2034,0.3171373419995689,0.7416666666666667,0.7370393799740019,0.8050482273101807,0.7416666666666667,0.7517922369032751,1.200792908668518
mlp,mixed,303,40,400,lora_matched,LoRA (DoRA-matched budget),lora,5-4-4,0.03,1.0,0.7555555555555555,1.1960452795028687,28,46,2024,0.459240151999893,0.7055555555555556,0.7056213051728187,1.3506213426589966,0.6777777777777778,0.6770266193119159,3.2897820472717285
mlp,mixed,303,40,400,dora_budgeted,DoRA (LoRA-budget ceiling),dora,4-3-3,0.03,1.0,0.7527777777777778,0.8288120031356812,13,31,1768,0.3569348890000583,0.7305555555555555,0.7183227313966007,0.9228551387786865,0.7333333333333333,0.742265708625111,1.615907073020935
mlp,mixed,304,5,50,lora,LoRA,lora,4-4-4,0.03,1.0,0.6194444444444445,1.868723750114441,10,28,1832,0.10641372400004911,0.6222222222222222,0.617919265210278,1.9271830320358276,0.9333333333333333,0.9321009804502953,0.34666696190834045
mlp,mixed,304,5,50,lora_plus,LoRA+,lora_plus,4-4-4,0.003,16.0,0.6083333333333333,2.028235912322998,14,32,1832,0.1221597210001164,0.6055555555555555,0.5985780777857107,2.0910019874572754,0.8805555555555555,0.8782771566915887,0.5582178831100464
mlp,mixed,304,5,50,dora,DoRA,dora,4-4-4,0.03,1.0,0.5972222222222222,1.7979427576065063,9,27,2034,0.11218334800014418,0.5972222222222222,0.5867049658960999,1.9122096300125122,0.9055555555555556,0.9054400965908067,0.37272074818611145
mlp,mixed,304,5,50,lora_matched,LoRA (DoRA-matched budget),lora,5-4-4,0.03,1.0,0.6138888888888889,1.9411163330078125,10,28,2024,0.1057833939999,0.6,0.5939970189806114,1.9527250528335571,0.8972222222222223,0.8935522221932469,0.5373809337615967
mlp,mixed,304,5,50,dora_budgeted,DoRA (LoRA-budget ceiling),dora,4-3-3,0.03,1.0,0.6027777777777777,1.8657732009887695,8,26,1768,0.10923577600033241,0.6,0.58826724639416,1.9516072273254395,0.9277777777777778,0.9274804438010378,0.2698427438735962
mlp,mixed,304,10,100,lora,LoRA,lora,4-4-4,0.03,1.0,0.6861111111111111,1.701320767402649,18,36,1832,0.17154481399984434,0.65,0.6420728857230731,1.928795337677002,0.7138888888888889,0.7117268616235649,2.59035587310791
mlp,mixed,304,10,100,lora_plus,LoRA+,lora_plus,4-4-4,0.003,16.0,0.675,1.631529688835144,41,59,1832,0.28201793500011263,0.6361111111111111,0.6327996396332285,1.76487398147583,0.8055555555555556,0.8020054226844809,1.116424322128296
mlp,mixed,304,10,100,dora,DoRA,dora,4-4-4,0.03,1.0,0.6888888888888889,1.1170259714126587,12,30,2034,0.15718407500025933,0.65,0.6361269393737788,1.2595326900482178,0.8305555555555556,0.8258182915529877,0.7343324422836304
mlp,mixed,304,10,100,lora_matched,LoRA (DoRA-matched budget),lora,5-4-4,0.03,1.0,0.6777777777777778,1.4767597913742065,8,26,2024,0.12249228100017717,0.6722222222222223,0.6666786450552818,1.5805269479751587,0.9055555555555556,0.9003620732827022,0.48306936025619507
mlp,mixed,304,10,100,dora_budgeted,DoRA (LoRA-budget ceiling),dora,4-3-3,0.03,1.0,0.6888888888888889,1.0433952808380127,16,34,1768,0.17984682299993437,0.6472222222222223,0.64147409890953,1.1223899126052856,0.7527777777777778,0.7461514914664346,1.2053519487380981
mlp,mixed,304,20,200,lora,LoRA,lora,4-4-4,0.03,1.0,0.7138888888888889,1.1844666004180908,13,31,1832,0.20131148500013296,0.6833333333333333,0.6669460995334828,1.3242212533950806,0.7861111111111111,0.7801228891825585,1.8369513750076294
mlp,mixed,304,20,200,lora_plus,LoRA+,lora_plus,4-4-4,0.003,16.0,0.7555555555555555,1.0981640815734863,45,63,1832,0.42096918600009303,0.7083333333333334,0.6993071362427871,1.180284857749939,0.7,0.6740889274109425,2.431300640106201
mlp,mixed,304,20,200,dora,DoRA,dora,4-4-4,0.03,1.0,0.7555555555555555,0.9116595983505249,25,43,2034,0.3397700360001181,0.7083333333333334,0.695117206176359,0.9676026105880737,0.7361111111111112,0.7327420935657036,1.7134060859680176
mlp,mixed,304,20,200,lora_matched,LoRA (DoRA-matched budget),lora,5-4-4,0.03,1.0,0.7416666666666667,1.3404563665390015,30,48,2024,0.31830633299978217,0.725,0.7148127684888093,1.3828555345535278,0.7777777777777778,0.7780086666873339,1.968239188194275
mlp,mixed,304,20,200,dora_budgeted,DoRA (LoRA-budget ceiling),dora,4-3-3,0.03,1.0,0.7527777777777778,1.0169951915740967,31,49,1768,0.37918028900003264,0.7222222222222222,0.7157786226494885,1.0151350498199463,0.7277777777777777,0.7262049387525142,1.7243785858154297
mlp,mixed,304,40,400,lora,LoRA,lora,4-4-4,0.03,1.0,0.7833333333333333,0.8302717208862305,14,32,1832,0.300594374999946,0.7722222222222223,0.7700431928594685,0.8984274864196777,0.8083333333333333,0.8042785204328717,1.2365117073059082
mlp,mixed,304,40,400,lora_plus,LoRA+,lora_plus,4-4-4,0.003,16.0,0.7583333333333333,0.8115956783294678,23,41,1832,0.3870727509997778,0.725,0.7214859277596783,1.0052529573440552,0.8111111111111111,0.8060611797673877,1.0163156986236572
mlp,mixed,304,40,400,dora,DoRA,dora,4-4-4,0.03,1.0,0.7888888888888889,0.6687986850738525,8,26,2034,0.2861567099998865,0.7527777777777778,0.7446852695290062,0.7431102395057678,0.8694444444444445,0.8666722707310581,0.4267069399356842
mlp,mixed,304,40,400,lora_matched,LoRA (DoRA-matched budget),lora,5-4-4,0.03,1.0,0.7833333333333333,0.691565215587616,9,27,2024,0.25572112999998353,0.7666666666666667,0.7654808261302444,0.8462453484535217,0.8694444444444445,0.8700438503407751,0.5381815433502197
mlp,mixed,304,40,400,dora_budgeted,DoRA (LoRA-budget ceiling),dora,4-3-3,0.03,1.0,0.7861111111111111,0.6664208173751831,8,26,1768,0.2890034699998978,0.7361111111111112,0.7272021800700414,0.7713595628738403,0.8722222222222222,0.8703806223245605,0.3896772265434265
mlp,mixed,305,5,50,lora,LoRA,lora,4-4-4,0.03,1.0,0.6222222222222222,2.066699981689453,17,35,1832,0.13675232800005688,0.6,0.5876287663557079,2.1469829082489014,0.65,0.5979687772704374,2.7349421977996826
mlp,mixed,305,5,50,lora_plus,LoRA+,lora_plus,4-4-4,0.003,16.0,0.6138888888888889,2.0085747241973877,11,29,1832,0.11439515999973082,0.575,0.5616760558870639,2.024012565612793,0.8972222222222223,0.8907868453115201,0.5489630699157715
mlp,mixed,305,5,50,dora,DoRA,dora,4-4-4,0.03,1.0,0.6361111111111111,1.3573908805847168,28,46,2034,0.1929192399998101,0.5805555555555556,0.5607703074420638,1.5013391971588135,0.6305555555555555,0.592043324201926,2.434462308883667
mlp,mixed,305,5,50,lora_matched,LoRA (DoRA-matched budget),lora,5-4-4,0.03,1.0,0.625,2.239525079727173,26,44,2024,0.17258262699988336,0.6222222222222222,0.6082889052045679,2.742410182952881,0.6583333333333333,0.6337152712484637,3.465156078338623
mlp,mixed,305,5,50,dora_budgeted,DoRA (LoRA-budget ceiling),dora,4-3-3,0.03,1.0,0.6472222222222223,1.2614551782608032,25,43,1768,0.1780521289997523,0.6111111111111112,0.5996314067782748,1.368079423904419,0.6555555555555556,0.6227736548637507,1.9247112274169922
mlp,mixed,305,10,100,lora,LoRA,lora,4-4-4,0.03,1.0,0.6972222222222222,1.6455070972442627,36,54,1832,0.26793602500038105,0.6388888888888888,0.6283717956969956,1.8249025344848633,0.7611111111111111,0.7460163140046303,1.596588134765625
mlp,mixed,305,10,100,lora_plus,LoRA+,lora_plus,4-4-4,0.003,16.0,0.6888888888888889,1.5486141443252563,39,57,1832,0.2849378810001326,0.6583333333333333,0.6458603564685215,1.7341701984405518,0.7722222222222223,0.7687583845949973,1.3864167928695679
mlp,mixed,305,10,100,dora,DoRA,dora,4-4-4,0.03,1.0,0.6972222222222222,1.1036252975463867,16,34,2034,0.18786295600011726,0.6555555555555556,0.6523655792686865,1.1189793348312378,0.7666666666666667,0.7591358158432732,0.9492721557617188
mlp,mixed,305,10,100,lora_matched,LoRA (DoRA-matched budget),lora,5-4-4,0.03,1.0,0.7222222222222222,1.6263734102249146,37,55,2024,0.2709371900000406,0.6638888888888889,0.6578474593192147,1.8707183599472046,0.7722222222222223,0.7640688787854666,1.3924436569213867
mlp,mixed,305,10,100,dora_budgeted,DoRA (LoRA-budget ceiling),dora,4-3-3,0.03,1.0,0.7055555555555556,1.1509404182434082,10,28,1768,0.1521730600002229,0.6722222222222223,0.6671959753256979,1.1787776947021484,0.7722222222222223,0.7602197384631075,1.0295616388320923
mlp,mixed,305,20,200,lora,LoRA,lora,4-4-4,0.03,1.0,0.775,1.2404961585998535,44,62,1832,0.4289473139997426,0.6916666666666667,0.684122747502313,1.6302893161773682,0.7555555555555555,0.7530820283535697,2.028839349746704
mlp,mixed,305,20,200,lora_plus,LoRA+,lora_plus,4-4-4,0.003,16.0,0.7555555555555555,1.350123405456543,84,102,1832,0.6965772610001295,0.7083333333333334,0.7024389875588257,1.6641987562179565,0.7944444444444444,0.7933631538371596,1.420457363128662
mlp,mixed,305,20,200,dora,DoRA,dora,4-4-4,0.03,1.0,0.7722222222222223,0.8774403929710388,20,38,2034,0.299582171000111,0.725,0.7110688714543878,0.9931530356407166,0.7611111111111111,0.7573533005193822,1.058724284172058
mlp,mixed,305,20,200,lora_matched,LoRA (DoRA-matched budget),lora,5-4-4,0.03,1.0,0.7833333333333333,1.087733268737793,35,53,2024,0.36828835500000423,0.7,0.6984887077064131,1.4518011808395386,0.7638888888888888,0.761633790945079,1.823569416999817
mlp,mixed,305,20,200,dora_budgeted,DoRA (LoRA-budget ceiling),dora,4-3-3,0.03,1.0,0.7722222222222223,0.7773532271385193,27,45,1768,0.3498508329998913,0.7111111111111111,0.7095757119704169,0.9345566630363464,0.8055555555555556,0.8055847923514333,0.9721847772598267
mlp,mixed,305,40,400,lora,LoRA,lora,4-4-4,0.03,1.0,0.8,1.014251947402954,27,45,1832,0.44452972299995963,0.7277777777777777,0.7245240139369356,1.290350317955017,0.7722222222222223,0.7696343216366499,1.8155771493911743
mlp,mixed,305,40,400,lora_plus,LoRA+,lora_plus,4-4-4,0.003,16.0,0.7861111111111111,1.0232207775115967,34,52,1832,0.5220415859998866,0.725,0.7221896437511625,1.2499878406524658,0.7722222222222223,0.7618782309402019,1.915623664855957
mlp,mixed,305,40,400,dora,DoRA,dora,4-4-4,0.03,1.0,0.7972222222222223,0.6762420535087585,10,28,2034,0.3969713540000157,0.7388888888888889,0.7396851071618447,0.7814584374427795,0.7888888888888889,0.7785726513164045,0.9080975651741028
mlp,mixed,305,40,400,lora_matched,LoRA (DoRA-matched budget),lora,5-4-4,0.03,1.0,0.8194444444444444,1.0790400505065918,38,56,2024,0.6739828160002617,0.7055555555555556,0.7027200821456715,1.6901278495788574,0.7222222222222222,0.719835883337184,2.50217342376709
mlp,mixed,305,40,400,dora_budgeted,DoRA (LoRA-budget ceiling),dora,4-3-3,0.03,1.0,0.8,0.7239776849746704,12,30,1768,0.4279351290001614,0.725,0.7182409930958022,0.846266508102417,0.7972222222222223,0.7859013829916655,0.999723494052887
mlp,mixed,306,5,50,lora,LoRA,lora,4-4-4,0.03,1.0,0.6222222222222222,1.8092650175094604,17,35,1832,0.16723863900006108,0.6138888888888889,0.6018562640374234,1.7607349157333374,0.875,0.8731471320661808,0.6942444443702698
mlp,mixed,306,5,50,lora_plus,LoRA+,lora_plus,4-4-4,0.003,16.0,0.6472222222222223,1.975428819656372,33,51,1832,0.2470529610000085,0.5722222222222222,0.5640182418207452,2.005775213241577,0.825,0.8171154613412426,1.2011725902557373
mlp,mixed,306,5,50,dora,DoRA,dora,4-4-4,0.03,1.0,0.6472222222222223,1.5739076137542725,17,35,2034,0.17333742999971946,0.6194444444444445,0.6107693840971059,1.4458377361297607,0.8083333333333333,0.8055705445913043,1.0277785062789917
mlp,mixed,306,5,50,lora_matched,LoRA (DoRA-matched budget),lora,5-4-4,0.03,1.0,0.6305555555555555,1.9617385864257812,24,42,2024,0.20707050800001525,0.6388888888888888,0.6365968864490784,1.7984365224838257,0.825,0.8206628465442629,1.1163451671600342
mlp,mixed,306,5,50,dora_budgeted,DoRA (LoRA-budget ceiling),dora,4-3-3,0.03,1.0,0.6277777777777778,1.5839180946350098,17,35,1768,0.19945252800016533,0.6138888888888889,0.6025221282688729,1.5441645383834839,0.8527777777777777,0.8521789093678823,0.8310045003890991
mlp,mixed,306,10,100,lora,LoRA,lora,4-4-4,0.03,1.0,0.675,1.6603525876998901,22,40,1832,0.2495539500000632,0.6638888888888889,0.6629752506099088,1.692696452140808,0.8527777777777777,0.8500909729791534,0.9361233115196228
mlp,mixed,306,10,100,lora_plus,LoRA+,lora_plus,4-4-4,0.003,16.0,0.6388888888888888,1.858763575553894,26,44,1832,0.26363325500005885,0.5972222222222222,0.5978326362055048,1.8826568126678467,0.8361111111111111,0.8284436785618512,1.105727195739746
mlp,mixed,306,10,100,dora,DoRA,dora,4-4-4,0.03,1.0,0.6888888888888889,1.200332522392273,23,41,2034,0.2757352400003583,0.675,0.6723550134542831,1.221102237701416,0.8305555555555556,0.82616130366041,0.9071841835975647
mlp,mixed,306,10,100,lora_matched,LoRA (DoRA-matched budget),lora,5-4-4,0.03,1.0,0.6916666666666667,1.6426469087600708,24,42,2024,0.256300896999619,0.6666666666666666,0.6672888951601978,1.737375259399414,0.8527777777777777,0.8502948445292517,1.0921744108200073
mlp,mixed,306,10,100,dora_budgeted,DoRA (LoRA-budget ceiling),dora,4-3-3,0.03,1.0,0.6805555555555556,1.2583235502243042,18,36,1768,0.24175387700006468,0.6555555555555556,0.6508243024727326,1.2500063180923462,0.8305555555555556,0.8256213292215383,0.6703336834907532
mlp,mixed,306,20,200,lora,LoRA,lora,4-4-4,0.03,1.0,0.7388888888888889,1.1725705862045288,27,45,1832,0.4027339419999407,0.7333333333333333,0.7242811876344215,1.1109185218811035,0.8,0.7960241756978,1.0944271087646484
mlp,mixed,306,20,200,lora_plus,LoRA+,lora_plus,4-4-4,0.003,16.0,0.7222222222222222,1.0988370180130005,24,42,1832,0.3786893040000905,0.6944444444444444,0.6912377276016395,1.1877994537353516,0.8277777777777777,0.8193117829673413,0.9637829065322876
mlp,mixed,306,20,200,dora,DoRA,dora,4-4-4,0.03,1.0,0.7472222222222222,0.9196357131004333,20,38,2034,0.37482122700021137,0.6861111111111111,0.681694309567125,0.9455291628837585,0.8166666666666667,0.8030836935956313,0.6526840925216675
mlp,mixed,306,20,200,lora_matched,LoRA (DoRA-matched budget),lora,5-4-4,0.03,1.0,0.7555555555555555,1.3289183378219604,42,60,2024,0.5335597809998944,0.7138888888888889,0.7071526216846793,1.385100245475769,0.7888888888888889,0.7815649062929763,1.8434809446334839
mlp,mixed,306,20,200,dora_budgeted,DoRA (LoRA-budget ceiling),dora,4-3-3,0.03,1.0,0.7333333333333333,0.9080613851547241,16,34,1768,0.3468732880000971,0.6944444444444444,0.6868379499647381,0.9457730054855347,0.8333333333333334,0.819533170723043,0.6154599189758301
mlp,mixed,306,40,400,lora,LoRA,lora,4-4-4,0.03,1.0,0.7861111111111111,0.7733134627342224,11,29,1832,0.290748929000074,0.7777777777777778,0.7695834979805126,0.7674855589866638,0.7277777777777777,0.7440189585829632,1.7587721347808838
mlp,mixed,306,40,400,lora_plus,LoRA+,lora_plus,4-4-4,0.003,16.0,0.775,0.9956107139587402,52,70,1832,0.7013456160002534,0.7638888888888888,0.7618651362834417,1.0465654134750366,0.7361111111111112,0.7159725097422838,2.0665829181671143
mlp,mixed,306,40,400,dora,DoRA,dora,4-4-4,0.03,1.0,0.7833333333333333,0.7016360759735107,10,28,2034,0.32952108399967983,0.8055555555555556,0.803089297574781,0.6528875827789307,0.85,0.8486663137266082,0.5714074969291687
mlp,mixed,306,40,400,lora_matched,LoRA (DoRA-matched budget),lora,5-4-4,0.03,1.0,0.7888888888888889,0.7930319905281067,11,29,2024,0.29804706400000214,0.7777777777777778,0.7720171295969787,0.7949044704437256,0.7111111111111111,0.7318359812170201,1.8660681247711182
mlp,mixed,306,40,400,dora_budgeted,DoRA (LoRA-budget ceiling),dora,4-3-3,0.03,1.0,0.7888888888888889,0.6768903732299805,11,29,1768,0.3459612440001365,0.8,0.7951808573712624,0.6696830987930298,0.7472222222222222,0.7556149810125025,1.125931978225708
mlp,mixed,307,5,50,lora,LoRA,lora,4-4-4,0.03,1.0,0.6472222222222223,1.7239718437194824,10,28,1832,0.11004741299984744,0.6416666666666667,0.6364019579424209,1.7785142660140991,0.8972222222222223,0.8948859532377856,0.4663704037666321
mlp,mixed,307,5,50,lora_plus,LoRA+,lora_plus,4-4-4,0.003,16.0,0.6,2.044290065765381,13,31,1832,0.12324315500018201,0.6027777777777777,0.5921268263473974,2.0966684818267822,0.9277777777777778,0.9282471199740783,0.3042256534099579
mlp,mixed,307,5,50,dora,DoRA,dora,4-4-4,0.03,1.0,0.6555555555555556,1.4653191566467285,13,31,2034,0.1329390229998353,0.65,0.6424414566206801,1.5088107585906982,0.8694444444444445,0.8675090474489412,0.45690327882766724
mlp,mixed,307,5,50,lora_matched,LoRA (DoRA-matched budget),lora,5-4-4,0.03,1.0,0.6611111111111111,1.7068754434585571,12,30,2024,0.12059023800020441,0.675,0.6681240512022008,1.6466509103775024,0.8472222222222222,0.8473276903968578,0.7591556906700134
mlp,mixed,307,5,50,dora_budgeted,DoRA (LoRA-budget ceiling),dora,4-3-3,0.03,1.0,0.6833333333333333,1.5381754636764526,11,29,1768,0.12589592199992694,0.6388888888888888,0.6378977312680707,1.6224490404129028,0.8972222222222223,0.8959141900350887,0.4336788058280945
mlp,mixed,307,10,100,lora,LoRA,lora,4-4-4,0.03,1.0,0.6888888888888889,1.7186133861541748,29,47,1832,0.23381783000013456,0.6555555555555556,0.6499505635657568,1.9903123378753662,0.8111111111111111,0.8062993590378342,1.454872488975525
mlp,mixed,307,10,100,lora_plus,LoRA+,lora_plus,4-4-4,0.003,16.0,0.6666666666666666,1.7633439302444458,48,66,1832,0.34585360600021886,0.6611111111111111,0.6589504501289867,1.8473310470581055,0.8416666666666667,0.8394040626749453,0.8666670322418213
mlp,mixed,307,10,100,dora,DoRA,dora,4-4-4,0.03,1.0,0.6861111111111111,1.1363441944122314,22,40,2034,0.24597081399997478,0.6694444444444444,0.6646006167782008,1.2978671789169312,0.8111111111111111,0.8048194893098579,0.9772982001304626
mlp,mixed,307,10,100,lora_matched,LoRA (DoRA-matched budget),lora,5-4-4,0.03,1.0,0.6888888888888889,1.7388787269592285,21,39,2024,0.19763559300008637,0.6388888888888888,0.6272707946648621,1.9910780191421509,0.7527777777777778,0.7449691382337675,1.824282169342041
mlp,mixed,307,10,100,dora_budgeted,DoRA (LoRA-budget ceiling),dora,4-3-3,0.03,1.0,0.6888888888888889,1.1942158937454224,23,41,1768,0.23217821199978061,0.6444444444444445,0.6391947652347101,1.3089087009429932,0.8416666666666667,0.8377222625174126,0.8418241739273071
mlp,mixed,307,20,200,lora,LoRA,lora,4-4-4,0.03,1.0,0.7222222222222222,1.1739418506622314,25,43,1832,0.30478298100024404,0.7138888888888889,0.7039215890374431,1.3271561861038208,0.8583333333333333,0.854075656777612,1.1136599779129028
mlp,mixed,307,20,200,lora_plus,LoRA+,lora_plus,4-4-4,0.003,16.0,0.6972222222222222,1.2631056308746338,27,45,1832,0.3324557079999977,0.6805555555555556,0.6784238345839496,1.3446508646011353,0.8833333333333333,0.881910831642047,0.7218567132949829
mlp,mixed,307,20,200,dora,DoRA,dora,4-4-4,0.03,1.0,0.7333333333333333,0.8588606119155884,26,44,2034,0.3586807679998856,0.7,0.6934114293267875,0.9082797765731812,0.8138888888888889,0.7990575568245586,0.9404449462890625
mlp,mixed,307,20,200,lora_matched,LoRA (DoRA-matched budget),lora,5-4-4,0.03,1.0,0.7138888888888889,1.1054753065109253,15,33,2024,0.2274350239999876,0.7166666666666667,0.7093440322380383,1.2925435304641724,0.8777777777777778,0.8750613944452811,0.8388268947601318
mlp,mixed,307,20,200,dora_budgeted,DoRA (LoRA-budget ceiling),dora,4-3-3,0.03,1.0,0.725,0.8784315586090088,26,44,1768,0.3596528080001917,0.7111111111111111,0.7018045942894551,0.9213606119155884,0.8138888888888889,0.808435237344044,0.8636839985847473
mlp,mixed,307,40,400,lora,LoRA,lora,4-4-4,0.03,1.0,0.775,0.958783745765686,21,39,1832,0.4020979330002774,0.7416666666666667,0.7442312731962308,1.087613821029663,0.8111111111111111,0.8035672158356372,1.4599316120147705
mlp,mixed,307,40,400,lora_plus,LoRA+,lora_plus,4-4-4,0.003,16.0,0.7694444444444445,0.9139149785041809,37,55,1832,0.5731422710000516,0.7555555555555555,0.7580643751969929,0.9905290603637695,0.7972222222222223,0.790938661991726,1.2818561792373657
mlp,mixed,307,40,400,dora,DoRA,dora,4-4-4,0.03,1.0,0.7833333333333333,0.6634718179702759,12,30,2034,0.3635527880001064,0.7388888888888889,0.7384778793941397,0.751314103603363,0.8194444444444444,0.8190139158986753,0.802520215511322
mlp,mixed,307,40,400,lora_matched,LoRA (DoRA-matched budget),lora,5-4-4,0.03,1.0,0.7777777777777778,0.9106900691986084,17,35,2024,0.36242746300013096,0.7444444444444445,0.74774582932169,1.0786988735198975,0.7805555555555556,0.783996015901249,1.6314644813537598
mlp,mixed,307,40,400,dora_budgeted,DoRA (LoRA-budget ceiling),dora,4-3-3,0.03,1.0,0.7861111111111111,0.652113139629364,12,30,1768,0.37175205099993036,0.7416666666666667,0.7415279367231423,0.7199339866638184,0.8111111111111111,0.810251428442632,0.9163607358932495
mlp,mixed,308,5,50,lora,LoRA,lora,4-4-4,0.03,1.0,0.675,1.9446889162063599,23,41,1832,0.1612795890000598,0.6111111111111112,0.5960735500542282,2.1149978637695312,0.8083333333333333,0.8043971434660937,1.5350687503814697
mlp,mixed,308,5,50,lora_plus,LoRA+,lora_plus,4-4-4,0.003,16.0,0.6527777777777778,2.0191850662231445,35,53,1832,0.21138117000009515,0.5861111111111111,0.5729387778089559,1.9774045944213867,0.7916666666666666,0.7884087211210902,1.4104866981506348
mlp,mixed,308,5,50,dora,DoRA,dora,4-4-4,0.03,1.0,0.65,1.4866926670074463,25,43,2034,0.18617964299983214,0.6222222222222222,0.605765753152951,1.5234781503677368,0.7833333333333333,0.7788169749509075,1.2469687461853027
mlp,mixed,308,5,50,lora_matched,LoRA (DoRA-matched budget),lora,5-4-4,0.03,1.0,0.6833333333333333,2.022462844848633,37,55,2024,0.22555850100025054,0.6333333333333333,0.626070319869695,2.23150634765625,0.8027777777777778,0.800858619307632,1.8277174234390259
mlp,mixed,308,5,50,dora_budgeted,DoRA (LoRA-budget ceiling),dora,4-3-3,0.03,1.0,0.6527777777777778,1.489480972290039,24,42,1768,0.1818153990002429,0.6166666666666667,0.6028703291397817,1.5714644193649292,0.775,0.7683151145776927,1.3666856288909912
mlp,mixed,308,10,100,lora,LoRA,lora,4-4-4,0.03,1.0,0.6527777777777778,1.8983322381973267,23,41,1832,0.20425033699984851,0.6277777777777778,0.6237952885915172,1.8507602214813232,0.7138888888888889,0.7112616512616514,2.380305051803589
mlp,mixed,308,10,100,lora_plus,LoRA+,lora_plus,4-4-4,0.003,16.0,0.6388888888888888,2.1348133087158203,62,80,1832,0.400892634000229,0.5861111111111111,0.5750232104574305,2.279064178466797,0.6972222222222222,0.6873606986515215,2.554966926574707
mlp,mixed,308,10,100,dora,DoRA,dora,4-4-4,0.03,1.0,0.6555555555555556,1.2739803791046143,22,40,2034,0.23161548899997797,0.6166666666666667,0.6145558258419963,1.2402455806732178,0.6777777777777778,0.6704077363095868,1.7230428457260132
mlp,mixed,308,10,100,lora_matched,LoRA (DoRA-matched budget),lora,5-4-4,0.03,1.0,0.6583333333333333,1.35658860206604,13,31,2024,0.1579348889999892,0.6277777777777778,0.6280345114187297,1.4615983963012695,0.8166666666666667,0.8198728018032607,0.8639353513717651
mlp,mixed,308,10,100,dora_budgeted,DoRA (LoRA-budget ceiling),dora,4-3-3,0.03,1.0,0.6694444444444444,1.5239617824554443,47,65,1768,0.373095764000027,0.6444444444444445,0.6429270553213237,1.4342268705368042,0.6277777777777778,0.6105541539435497,2.70947527885437
mlp,mixed,308,20,200,lora,LoRA,lora,4-4-4,0.03,1.0,0.7111111111111111,1.665539026260376,47,65,1832,0.46857311599978857,0.7083333333333334,0.7074558907628969,1.658441185951233,0.7166666666666667,0.7183494595389761,2.3704774379730225
mlp,mixed,308,20,200,lora_plus,LoRA+,lora_plus,4-4-4,0.003,16.0,0.7,1.4857319593429565,41,59,1832,0.4384235580000677,0.6888888888888889,0.6823680452063491,1.4696451425552368,0.7944444444444444,0.7916814573284656,1.6381057500839233
mlp,mixed,308,20,200,dora,DoRA,dora,4-4-4,0.03,1.0,0.7194444444444444,1.0495359897613525,32,50,2034,0.41394955099985964,0.7055555555555556,0.6993379496574437,1.1102033853530884,0.7194444444444444,0.7181081310857214,1.6179521083831787
mlp,mixed,308,20,200,lora_matched,LoRA (DoRA-matched budget),lora,5-4-4,0.03,1.0,0.6972222222222222,1.4790393114089966,14,32,2024,0.22580944999981512,0.6888888888888889,0.6824458981733622,1.483624815940857,0.7694444444444445,0.7698356370929295,1.439694881439209
mlp,mixed,308,20,200,dora_budgeted,DoRA (LoRA-budget ceiling),dora,4-3-3,0.03,1.0,0.7333333333333333,0.9553152322769165,28,46,1768,0.3707628890001615,0.7166666666666667,0.7216692924314176,0.9514278173446655,0.775,0.7819720431502769,1.0782666206359863
mlp,mixed,308,40,400,lora,LoRA,lora,4-4-4,0.03,1.0,0.75,0.8736062049865723,13,31,1832,0.3256201499998497,0.7222222222222222,0.7244369974423355,1.0619257688522339,0.8222222222222222,0.8241902966446604,1.1009870767593384
mlp,mixed,308,40,400,lora_plus,LoRA+,lora_plus,4-4-4,0.003,16.0,0.7277777777777777,0.9376076459884644,17,35,1832,0.352555535999727,0.6888888888888889,0.6831033907181285,1.0258485078811646,0.8388888888888889,0.8368101752070378,0.8339689373970032
mlp,mixed,308,40,400,dora,DoRA,dora,4-4-4,0.03,1.0,0.7555555555555555,0.7682362794876099,17,35,2034,0.4105674459997317,0.7388888888888889,0.7346810232193388,0.9389011859893799,0.7694444444444445,0.7637021949105973,1.142458438873291
mlp,mixed,308,40,400,lora_matched,LoRA (DoRA-matched budget),lora,5-4-4,0.03,1.0,0.7444444444444445,1.1369842290878296,17,35,2024,0.34848336000004565,0.7111111111111111,0.7094390952688853,1.346272587776184,0.8138888888888889,0.8145462286178479,1.2281571626663208
mlp,mixed,308,40,400,dora_budgeted,DoRA (LoRA-budget ceiling),dora,4-3-3,0.03,1.0,0.7611111111111111,0.8894369602203369,30,48,1768,0.6380868330002158,0.7277777777777777,0.726461747154489,1.0304923057556152,0.7416666666666667,0.7391353036437879,1.4061983823776245
mlp,mixed,309,5,50,lora,LoRA,lora,4-4-4,0.03,1.0,0.6277777777777778,1.8485219478607178,12,30,1832,0.12028005599995595,0.6138888888888889,0.6128193467756622,1.821656584739685,0.8888888888888888,0.886554057942468,0.6334527730941772
mlp,mixed,309,5,50,lora_plus,LoRA+,lora_plus,4-4-4,0.003,16.0,0.6166666666666667,2.170097827911377,27,45,1832,0.185430518999965,0.5833333333333334,0.5786239819990515,2.2029457092285156,0.8055555555555556,0.8023742605103396,1.1682242155075073
mlp,mixed,309,5,50,dora,DoRA,dora,4-4-4,0.03,1.0,0.6361111111111111,1.5266228914260864,14,32,2034,0.14137801500010028,0.6361111111111111,0.631822121007378,1.5244618654251099,0.8694444444444445,0.8685021204295813,0.5900157690048218
mlp,mixed,309,5,50,lora_matched,LoRA (DoRA-matched budget),lora,5-4-4,0.03,1.0,0.6222222222222222,2.282809019088745,23,41,2024,0.15802711000014824,0.5916666666666667,0.5906847595633508,2.325514316558838,0.8416666666666667,0.836320374756115,1.1461013555526733
mlp,mixed,309,5,50,dora_budgeted,DoRA (LoRA-budget ceiling),dora,4-3-3,0.03,1.0,0.6416666666666667,1.5184415578842163,14,32,1768,0.13471691800032204,0.625,0.6242344216171565,1.5346317291259766,0.8777777777777778,0.8720128425681233,0.5552313327789307
mlp,mixed,309,10,100,lora,LoRA,lora,4-4-4,0.03,1.0,0.6888888888888889,1.4178600311279297,18,36,1832,0.18940924400021686,0.65,0.6512394889656317,1.7063192129135132,0.8444444444444444,0.8417033901954986,0.9366912841796875
mlp,mixed,309,10,100,lora_plus,LoRA+,lora_plus,4-4-4,0.003,16.0,0.6527777777777778,1.715388298034668,26,44,1832,0.22311744199987515,0.6166666666666667,0.6185243055387983,1.9028204679489136,0.7944444444444444,0.7939129081036471,1.0306414365768433
mlp,mixed,309,10,100,dora,DoRA,dora,4-4-4,0.03,1.0,0.7083333333333334,1.1009043455123901,24,42,2034,0.2453028390000327,0.6555555555555556,0.6496748776413647,1.3490383625030518,0.775,0.7702032803248455,1.106316089630127
mlp,mixed,309,10,100,lora_matched,LoRA (DoRA-matched budget),lora,5-4-4,0.03,1.0,0.6944444444444444,1.5562472343444824,31,49,2024,0.26006766399996195,0.6527777777777778,0.6496535339856881,2.0528533458709717,0.8055555555555556,0.798561614837224,1.4615533351898193
mlp,mixed,309,10,100,dora_budgeted,DoRA (LoRA-budget ceiling),dora,4-3-3,0.03,1.0,0.7,1.0781153440475464,18,36,1768,0.20702564700013681,0.6583333333333333,0.6525792771415425,1.2792613506317139,0.8194444444444444,0.8116085975681665,0.8537914752960205
mlp,mixed,309,20,200,lora,LoRA,lora,4-4-4,0.03,1.0,0.7194444444444444,1.2162506580352783,11,29,1832,0.20344350900040808,0.6611111111111111,0.6536782937653884,1.4569003582000732,0.8388888888888889,0.8281475668077508,1.1557835340499878
mlp,mixed,309,20,200,lora_plus,LoRA+,lora_plus,4-4-4,0.003,16.0,0.7027777777777777,1.2914830446243286,18,36,1832,0.2527746959999604,0.65,0.633457058152471,1.5126363039016724,0.8277777777777777,0.8249960565520109,0.9421776533126831
mlp,mixed,309,20,200,dora,DoRA,dora,4-4-4,0.03,1.0,0.7111111111111111,1.0073050260543823,15,33,2034,0.2691994940000768,0.6694444444444444,0.6712619460147561,1.1922345161437988,0.7777777777777778,0.7732469662749979,1.2733166217803955
mlp,mixed,309,20,200,lora_matched,LoRA (DoRA-matched budget),lora,5-4-4,0.03,1.0,0.7222222222222222,1.3653134107589722,14,32,2024,0.2260794249996252,0.65,0.6444168256606546,1.6916601657867432,0.8138888888888889,0.8044147914728862,1.4255354404449463
mlp,mixed,309,20,200,dora_budgeted,DoRA (LoRA-budget ceiling),dora,4-3-3,0.03,1.0,0.7333333333333333,0.9735846519470215,15,33,1768,0.2999654290001672,0.6611111111111111,0.6495637675449781,1.146721363067627,0.8277777777777777,0.8159144214375796,0.8530125021934509
mlp,mixed,309,40,400,lora,LoRA,lora,4-4-4,0.03,1.0,0.7805555555555556,1.0819250345230103,34,52,1832,0.570583379999789,0.6972222222222222,0.6918633747038394,1.5056729316711426,0.6777777777777778,0.6932412766289348,2.9859001636505127
mlp,mixed,309,40,400,lora_plus,LoRA+,lora_plus,4-4-4,0.003,16.0,0.7722222222222223,0.8650287389755249,24,42,1832,0.44780068299996856,0.7194444444444444,0.713419134654893,1.0563114881515503,0.8,0.8019796474933181,1.0400903224945068
mlp,mixed,309,40,400,dora,DoRA,dora,4-4-4,0.03,1.0,0.7527777777777778,0.7825757265090942,6,24,2034,0.3072100140002476,0.6944444444444444,0.6881656054326755,0.9133242964744568,0.875,0.8747475402503933,0.3776942491531372
mlp,mixed,309,40,400,lora_matched,LoRA (DoRA-matched budget),lora,5-4-4,0.03,1.0,0.7888888888888889,1.1988179683685303,38,56,2024,0.601193670000157,0.7083333333333334,0.7143893153575382,1.5860399007797241,0.6583333333333333,0.6739644442400924,3.01863956451416
mlp,mixed,309,40,400,dora_budgeted,DoRA (LoRA-budget ceiling),dora,4-3-3,0.03,1.0,0.7666666666666667,0.8021880984306335,15,33,1768,0.4110098900000594,0.725,0.7218413274659765,0.9828550815582275,0.8,0.8015661019993802,0.9553706049919128
mlp,mixed,310,5,50,lora,LoRA,lora,4-4-4,0.03,1.0,0.6194444444444445,1.9977556467056274,14,32,1832,0.12973211799999262,0.5972222222222222,0.5924430947420313,2.0303711891174316,0.8777777777777778,0.8754720165013806,0.7248573899269104
mlp,mixed,310,5,50,lora_plus,LoRA+,lora_plus,4-4-4,0.003,16.0,0.5833333333333334,2.3106393814086914,2,20,1832,0.08087192999983017,0.5722222222222222,0.5660777814671488,2.363065242767334,0.9388888888888889,0.9383186270660635,0.23437508940696716
mlp,mixed,310,5,50,dora,DoRA,dora,4-4-4,0.03,1.0,0.6083333333333333,1.7448228597640991,19,37,2034,0.16173326099988117,0.6222222222222222,0.6223786809131473,1.8336431980133057,0.8611111111111112,0.8557915701755844,0.9858459234237671
mlp,mixed,310,5,50,lora_matched,LoRA (DoRA-matched budget),lora,5-4-4,0.03,1.0,0.6111111111111112,2.2428033351898193,21,39,2024,0.16461601500031975,0.625,0.620549320577916,2.3307559490203857,0.8694444444444445,0.8686877173129235,1.1280686855316162
mlp,mixed,310,5,50,dora_budgeted,DoRA (LoRA-budget ceiling),dora,4-3-3,0.03,1.0,0.625,1.6732426881790161,16,34,1768,0.15106434500012256,0.6222222222222222,0.6186170578156222,1.7822574377059937,0.8777777777777778,0.8741348027426458,0.6866829991340637
mlp,mixed,310,10,100,lora,LoRA,lora,4-4-4,0.03,1.0,0.6583333333333333,1.7601460218429565,23,41,1832,0.20779808899987984,0.6166666666666667,0.6152487351591762,2.0876128673553467,0.775,0.7740307675694447,1.6235754489898682
mlp,mixed,310,10,100,lora_plus,LoRA+,lora_plus,4-4-4,0.003,16.0,0.6527777777777778,1.746927261352539,35,53,1832,0.28232722500024465,0.65,0.6479925560925234,1.861424446105957,0.8027777777777778,0.8087415032319436,1.1060587167739868
mlp,mixed,310,10,100,dora,DoRA,dora,4-4-4,0.03,1.0,0.6888888888888889,1.1766762733459473,27,45,2034,0.26142411999990145,0.6194444444444445,0.6179245168414191,1.4275227785110474,0.7638888888888888,0.7510018519719844,1.2572636604309082
mlp,mixed,310,10,100,lora_matched,LoRA (DoRA-matched budget),lora,5-4-4,0.03,1.0,0.6638888888888889,1.5695512294769287,10,28,2024,0.1446904919998815,0.6472222222222223,0.6425534525880074,1.7265428304672241,0.8666666666666667,0.867113653340436,0.8349254131317139
mlp,mixed,310,10,100,dora_budgeted,DoRA (LoRA-budget ceiling),dora,4-3-3,0.03,1.0,0.6805555555555556,1.1717641353607178,26,44,1768,0.24936224599969137,0.6277777777777778,0.6201590430451354,1.4386262893676758,0.7527777777777778,0.7351089623914894,1.3562133312225342
mlp,mixed,310,20,200,lora,LoRA,lora,4-4-4,0.03,1.0,0.7111111111111111,1.855899691581726,61,79,1832,0.561990883999897,0.675,0.6719583341543502,1.9421532154083252,0.7972222222222223,0.7951496641331814,1.9833418130874634
mlp,mixed,310,20,200,lora_plus,LoRA+,lora_plus,4-4-4,0.003,16.0,0.7,1.343191146850586,44,62,1832,0.44577041100001225,0.6638888888888889,0.6588995637039894,1.5077160596847534,0.7833333333333333,0.7862567022984523,1.406922698020935
mlp,mixed,310,20,200,dora,DoRA,dora,4-4-4,0.03,1.0,0.7333333333333333,0.9050547480583191,20,38,2034,0.3046358300002794,0.7083333333333334,0.7042928994084122,0.9980268478393555,0.8638888888888889,0.863641837030807,0.6477794051170349
mlp,mixed,310,20,200,lora_matched,LoRA (DoRA-matched budget),lora,5-4-4,0.03,1.0,0.7277777777777777,1.5841752290725708,50,68,2024,0.4755680339999344,0.6916666666666667,0.6906506278581315,1.6915150880813599,0.8027777777777778,0.8008799900905166,1.3958290815353394
mlp,mixed,310,20,200,dora_budgeted,DoRA (LoRA-budget ceiling),dora,4-3-3,0.03,1.0,0.7361111111111112,1.0484039783477783,33,51,1768,0.4167191329997877,0.7,0.697160048563562,1.0865497589111328,0.8194444444444444,0.8171176902537578,1.1093093156814575
mlp,mixed,310,40,400,lora,LoRA,lora,4-4-4,0.03,1.0,0.7694444444444445,0.845617413520813,13,31,1832,0.31774953700005426,0.7777777777777778,0.7744435682481458,0.7895499467849731,0.8416666666666667,0.847126047159902,0.8603082299232483
mlp,mixed,310,40,400,lora_plus,LoRA+,lora_plus,4-4-4,0.003,16.0,0.775,0.9936003684997559,24,42,1832,0.4449052150002899,0.7527777777777778,0.7533181702389564,0.9237516522407532,0.8222222222222222,0.8318976342170453,0.8550131916999817
mlp,mixed,310,40,400,dora,DoRA,dora,4-4-4,0.03,1.0,0.7777777777777778,0.7422926425933838,11,29,2034,0.3532102730000588,0.775,0.7716512815721488,0.6973012089729309,0.85,0.8546596647357687,0.6194642186164856
mlp,mixed,310,40,400,lora_matched,LoRA (DoRA-matched budget),lora,5-4-4,0.03,1.0,0.775,0.7844692468643188,11,29,2024,0.3132328689998758,0.7694444444444445,0.7657525547978953,0.76301509141922,0.8666666666666667,0.8714536493918414,0.6852970719337463
mlp,mixed,310,40,400,dora_budgeted,DoRA (LoRA-budget ceiling),dora,4-3-3,0.03,1.0,0.7861111111111111,0.7172895669937134,10,28,1768,0.3503158009998515,0.7611111111111111,0.7589126818909585,0.7134016156196594,0.8722222222222222,0.8756822805333263,0.5121705532073975
mlp,mixed,311,5,50,lora,LoRA,lora,4-4-4,0.03,1.0,0.6694444444444444,1.7505817413330078,20,38,1832,0.1690926969999964,0.6305555555555555,0.6256216834838004,1.7424992322921753,0.8416666666666667,0.8406251866288444,0.9096742272377014
mlp,mixed,311,5,50,lora_plus,LoRA+,lora_plus,4-4-4,0.003,16.0,0.6305555555555555,2.1698293685913086,42,60,1832,0.24581917400018938,0.575,0.5749019360438735,2.194406509399414,0.8055555555555556,0.7999815625207385,0.925692081451416
mlp,mixed,311,5,50,dora,DoRA,dora,4-4-4,0.03,1.0,0.675,1.4038540124893188,20,38,2034,0.17066957399993044,0.6,0.6024230653405873,1.3781940937042236,0.8583333333333333,0.857117283018685,0.6322770118713379
mlp,mixed,311,5,50,lora_matched,LoRA (DoRA-matched budget),lora,5-4-4,0.03,1.0,0.675,1.8780392408370972,20,38,2024,0.15502198700005465,0.6194444444444445,0.6172314785394251,1.8032618761062622,0.8444444444444444,0.8433194165324636,0.9814704656600952
mlp,mixed,311,5,50,dora_budgeted,DoRA (LoRA-budget ceiling),dora,4-3-3,0.03,1.0,0.6888888888888889,1.344292402267456,21,39,1768,0.16967465500010803,0.6305555555555555,0.624358446377837,1.4046128988265991,0.8472222222222222,0.845968852617567,0.6130535006523132
mlp,mixed,311,10,100,lora,LoRA,lora,4-4-4,0.03,1.0,0.7222222222222222,1.1751893758773804,14,32,1832,0.15948998800013214,0.6444444444444445,0.6401559645699237,1.342300534248352,0.85,0.8486516454403962,0.9269726276397705
mlp,mixed,311,10,100,lora_plus,LoRA+,lora_plus,4-4-4,0.003,16.0,0.6777777777777778,1.5422098636627197,46,64,1832,0.3426816400001371,0.6305555555555555,0.6305134987913964,1.6043367385864258,0.8305555555555556,0.8264106657189197,1.2723437547683716
mlp,mixed,311,10,100,dora,DoRA,dora,4-4-4,0.03,1.0,0.7166666666666667,0.9628916382789612,21,39,2034,0.24367218799989132,0.6527777777777778,0.6512131627237496,1.1610411405563354,0.8583333333333333,0.8559279830983091,0.8375287652015686
mlp,mixed,311,10,100,lora_matched,LoRA (DoRA-matched budget),lora,5-4-4,0.03,1.0,0.7222222222222222,1.3457231521606445,20,38,2024,0.1954984140002125,0.6277777777777778,0.6221847057087062,1.6115573644638062,0.85,0.8475951781042574,1.2804946899414062
mlp,mixed,311,10,100,dora_budgeted,DoRA (LoRA-budget ceiling),dora,4-3-3,0.03,1.0,0.7083333333333334,1.056731104850769,27,45,1768,0.26942296900006113,0.65,0.650577081052528,1.2105470895767212,0.8583333333333333,0.8557992773264512,0.8727157711982727
mlp,mixed,311,20,200,lora,LoRA,lora,4-4-4,0.03,1.0,0.7583333333333333,1.0695044994354248,29,47,1832,0.33666657699995994,0.7444444444444445,0.7414006534359824,1.1887171268463135,0.8333333333333334,0.8294865813088945,1.3096274137496948
mlp,mixed,311,20,200,lora_plus,LoRA+,lora_plus,4-4-4,0.003,16.0,0.7555555555555555,1.081516981124878,32,50,1832,0.36085517199990136,0.7111111111111111,0.7119376104140349,1.1352890729904175,0.8972222222222223,0.8981985045409223,0.6641627550125122
mlp,mixed,311,20,200,dora,DoRA,dora,4-4-4,0.03,1.0,0.7638888888888888,0.8046979904174805,25,43,2034,0.36232367499997054,0.7611111111111111,0.7591635717555401,0.7894420027732849,0.8583333333333333,0.8584395349087011,0.8428593277931213
mlp,mixed,311,20,200,lora_matched,LoRA (DoRA-matched budget),lora,5-4-4,0.03,1.0,0.75,1.2844096422195435,36,54,2024,0.39056806200005667,0.7361111111111112,0.7352456110673151,1.3729090690612793,0.85,0.8492565119297542,1.3193403482437134
mlp,mixed,311,20,200,dora_budgeted,DoRA (LoRA-budget ceiling),dora,4-3-3,0.03,1.0,0.7527777777777778,0.7788613438606262,15,33,1768,0.26707139500013,0.7305555555555555,0.723314896887596,0.8588746786117554,0.8361111111111111,0.8313959005004119,0.7267837524414062
mlp,mixed,311,40,400,lora,LoRA,lora,4-4-4,0.03,1.0,0.7833333333333333,1.1520663499832153,27,45,1832,0.4589365129995713,0.75,0.7373734604166929,1.1494344472885132,0.7,0.6957914187452892,2.7697551250457764
mlp,mixed,311,40,400,lora_plus,LoRA+,lora_plus,4-4-4,0.003,16.0,0.7694444444444445,1.147956132888794,48,66,1832,0.6908401189998585,0.7583333333333333,0.7579093746378163,1.1087077856063843,0.7666666666666667,0.7693712306483416,1.7205156087875366
mlp,mixed,311,40,400,dora,DoRA,dora,4-4-4,0.03,1.0,0.7805555555555556,0.7805822491645813,22,40,2034,0.467963938000139,0.75,0.7474179674528618,0.7661698460578918,0.7194444444444444,0.7261088712122807,1.826456069946289
mlp,mixed,311,40,400,lora_matched,LoRA (DoRA-matched budget),lora,5-4-4,0.03,1.0,0.7833333333333333,1.2196178436279297,38,56,2024,0.5678460730000552,0.7611111111111111,0.7607535117622944,1.1292524337768555,0.675,0.6698166335903198,3.1610310077667236
mlp,mixed,311,40,400,dora_budgeted,DoRA (LoRA-budget ceiling),dora,4-3-3,0.03,1.0,0.7805555555555556,0.7728398442268372,22,40,1768,0.48468827599981523,0.7638888888888888,0.758870781628568,0.7357959151268005,0.7361111111111112,0.7375647108114078,1.5848015546798706
mlp,mixed,312,5,50,lora,LoRA,lora,4-4-4,0.03,1.0,0.6416666666666667,1.838261604309082,20,38,1832,0.1639718339997671,0.6166666666666667,0.6091885917958686,2.1257567405700684,0.8083333333333333,0.8086070030509633,1.605712890625
mlp,mixed,312,5,50,lora_plus,LoRA+,lora_plus,4-4-4,0.003,16.0,0.6305555555555555,2.0984315872192383,8,26,1832,0.10969149399988964,0.6305555555555555,0.619090857832852,2.1035349369049072,0.9361111111111111,0.9351980926462204,0.37325114011764526
mlp,mixed,312,5,50,dora,DoRA,dora,4-4-4,0.03,1.0,0.6444444444444445,1.4576067924499512,17,35,2034,0.15505622299997412,0.6222222222222222,0.6186782817440744,1.5648061037063599,0.8277777777777777,0.826521006977919,0.9706009030342102
mlp,mixed,312,5,50,lora_matched,LoRA (DoRA-matched budget),lora,5-4-4,0.03,1.0,0.6416666666666667,2.0573415756225586,8,26,2024,0.10366477500019755,0.6027777777777777,0.5925001814156389,2.1764485836029053,0.9083333333333333,0.9073159648497201,0.5478519201278687
mlp,mixed,312,5,50,dora_budgeted,DoRA (LoRA-budget ceiling),dora,4-3-3,0.03,1.0,0.65,1.401515007019043,21,39,1768,0.17441533000010168,0.6055555555555555,0.5946757208225268,1.6153331995010376,0.7972222222222223,0.7981899942480799,1.25632643699646
mlp,mixed,312,10,100,lora,LoRA,lora,4-4-4,0.03,1.0,0.6972222222222222,1.5670835971832275,21,39,1832,0.19539995500008445,0.6888888888888889,0.6849917757261212,1.9364349842071533,0.8361111111111111,0.834564374305331,1.5196608304977417
mlp,mixed,312,10,100,lora_plus,LoRA+,lora_plus,4-4-4,0.003,16.0,0.6583333333333333,1.7928104400634766,41,59,1832,0.3009545770000841,0.6638888888888889,0.6633080026763846,1.7437330484390259,0.8194444444444444,0.8155113534315431,1.344717264175415
mlp,mixed,312,10,100,dora,DoRA,dora,4-4-4,0.03,1.0,0.6777777777777778,1.0879368782043457,18,36,2034,0.2038230560001466,0.6944444444444444,0.6910950268103547,1.1751526594161987,0.8333333333333334,0.8293146151058528,0.904982328414917
mlp,mixed,312,10,100,lora_matched,LoRA (DoRA-matched budget),lora,5-4-4,0.03,1.0,0.675,1.6595510244369507,22,40,2024,0.20535171799974705,0.6833333333333333,0.6830248080669972,1.8592075109481812,0.8527777777777777,0.8522300436270465,1.4452205896377563
mlp,mixed,312,10,100,dora_budgeted,DoRA (LoRA-budget ceiling),dora,4-3-3,0.03,1.0,0.6777777777777778,1.1242471933364868,18,36,1768,0.20508558799974708,0.6888888888888889,0.6871767773152707,1.1980884075164795,0.8361111111111111,0.832731793653873,0.9235484600067139
mlp,mixed,312,20,200,lora,LoRA,lora,4-4-4,0.03,1.0,0.7638888888888888,1.362428069114685,50,68,1832,0.49749219999966954,0.7166666666666667,0.7116165378329009,1.5997868776321411,0.75,0.7542514675139715,2.3481364250183105
mlp,mixed,312,20,200,lora_plus,LoRA+,lora_plus,4-4-4,0.003,16.0,0.7388888888888889,1.4830265045166016,60,78,1832,0.5759195929999805,0.7027777777777777,0.702577991304759,1.6251200437545776,0.7944444444444444,0.8005860049924205,1.6802239418029785
mlp,mixed,312,20,200,dora,DoRA,dora,4-4-4,0.03,1.0,0.7722222222222223,0.9232227802276611,43,61,2034,0.5091612159999386,0.7416666666666667,0.7396958891812468,0.9545379877090454,0.7694444444444445,0.7717846352067603,1.5119030475616455
mlp,mixed,312,20,200,lora_matched,LoRA (DoRA-matched budget),lora,5-4-4,0.03,1.0,0.7527777777777778,1.2110209465026855,18,36,2024,0.2587008820000847,0.7361111111111112,0.7341071979189563,1.3041424751281738,0.8138888888888889,0.8185076536743718,1.515803337097168
mlp,mixed,312,20,200,dora_budgeted,DoRA (LoRA-budget ceiling),dora,4-3-3,0.03,1.0,0.7638888888888888,0.8569263815879822,25,43,1768,0.3560689790001561,0.7444444444444445,0.7458188263315328,0.95082026720047,0.7944444444444444,0.7970650845502885,1.4019699096679688
mlp,mixed,312,40,400,lora,LoRA,lora,4-4-4,0.03,1.0,0.7666666666666667,0.8726714849472046,10,28,1832,0.2963058209998053,0.7527777777777778,0.7475207560996384,0.9540258049964905,0.8555555555555555,0.8552583808005242,0.9279654622077942
mlp,mixed,312,40,400,lora_plus,LoRA+,lora_plus,4-4-4,0.003,16.0,0.7666666666666667,0.9474595785140991,32,50,1832,0.5243946790001246,0.7333333333333333,0.7260005498290801,1.1139590740203857,0.75,0.7467500309357895,1.5575357675552368
mlp,mixed,312,40,400,dora,DoRA,dora,4-4-4,0.03,1.0,0.7722222222222223,0.7031247615814209,15,33,2034,0.4108206099999734,0.7611111111111111,0.7577804371481515,0.7199559807777405,0.8138888888888889,0.8163429807106042,0.979069709777832
mlp,mixed,312,40,400,lora_matched,LoRA (DoRA-matched budget),lora,5-4-4,0.03,1.0,0.7638888888888888,0.9644365310668945,14,32,2024,0.3376469609997912,0.7722222222222223,0.7708441230912785,0.9824584126472473,0.7916666666666666,0.7908176077534333,1.6064393520355225
mlp,mixed,312,40,400,dora_budgeted,DoRA (LoRA-budget ceiling),dora,4-3-3,0.03,1.0,0.7833333333333333,0.8686286211013794,41,59,1768,0.8636049060000914,0.7527777777777778,0.74600348358451,0.8350326418876648,0.7722222222222223,0.7650026950214304,1.4370869398117065
mlp,mixed,313,5,50,lora,LoRA,lora,4-4-4,0.03,1.0,0.6333333333333333,1.9477640390396118,21,39,1832,0.20194811900000786,0.6194444444444445,0.6138228624082955,2.0589942932128906,0.8611111111111112,0.8625290973499125,1.006675124168396
mlp,mixed,313,5,50,lora_plus,LoRA+,lora_plus,4-4-4,0.003,16.0,0.6,2.1245720386505127,8,26,1832,0.13801928900011262,0.6166666666666667,0.6150807423500432,2.102222442626953,0.9277777777777778,0.9271345945852989,0.349161297082901
mlp,mixed,313,5,50,dora,DoRA,dora,4-4-4,0.03,1.0,0.6444444444444445,1.5960475206375122,59,77,2034,0.44222230600007606,0.6222222222222222,0.6105563494342974,1.5220534801483154,0.7833333333333333,0.7805122413567351,1.2477718591690063
mlp,mixed,313,5,50,lora_matched,LoRA (DoRA-matched budget),lora,5-4-4,0.03,1.0,0.6305555555555555,1.8189890384674072,17,35,2024,0.17016180200016606,0.6277777777777778,0.6240498374864573,1.972583532333374,0.8861111111111111,0.8868197290672291,0.8368569016456604
mlp,mixed,313,5,50,dora_budgeted,DoRA (LoRA-budget ceiling),dora,4-3-3,0.03,1.0,0.6444444444444445,1.4113306999206543,19,37,1768,0.2200717120003901,0.6444444444444445,0.638721735711621,1.4898613691329956,0.8722222222222222,0.871394998184298,0.6945903301239014
mlp,mixed,313,10,100,lora,LoRA,lora,4-4-4,0.03,1.0,0.6222222222222222,1.798086166381836,11,29,1832,0.18507159399996453,0.6277777777777778,0.6273033324632509,1.77197265625,0.8694444444444445,0.8701375689277763,0.5559489130973816
mlp,mixed,313,10,100,lora_plus,LoRA+,lora_plus,4-4-4,0.003,16.0,0.6111111111111112,1.9381287097930908,33,51,1832,0.29833824199977244,0.6111111111111112,0.611193234847769,2.0383212566375732,0.7833333333333333,0.7722563425435536,1.230360746383667
mlp,mixed,313,10,100,dora,DoRA,dora,4-4-4,0.03,1.0,0.6138888888888889,1.2922619581222534,14,32,2034,0.18127243000026283,0.625,0.6231013924217639,1.3435465097427368,0.8277777777777777,0.8265717677239393,0.7618303298950195
mlp,mixed,313,10,100,lora_matched,LoRA (DoRA-matched budget),lora,5-4-4,0.03,1.0,0.6333333333333333,2.0882866382598877,34,52,2024,0.2581284550001328,0.6111111111111112,0.6090234834774628,2.0744400024414062,0.8194444444444444,0.8138411937977155,1.3315328359603882
mlp,mixed,313,10,100,dora_budgeted,DoRA (LoRA-budget ceiling),dora,4-3-3,0.03,1.0,0.6305555555555555,1.232206106185913,13,31,1768,0.17961791800007632,0.625,0.624263088713015,1.267456293106079,0.8333333333333334,0.8327885621339431,0.7465037107467651
mlp,mixed,313,20,200,lora,LoRA,lora,4-4-4,0.03,1.0,0.6972222222222222,1.229356288909912,20,38,1832,0.302975657999923,0.6777777777777778,0.6795699306918647,1.302870273590088,0.8611111111111112,0.854657221628185,1.0284783840179443
mlp,mixed,313,20,200,lora_plus,LoRA+,lora_plus,4-4-4,0.003,16.0,0.6777777777777778,1.1033105850219727,21,39,1832,0.2878076570000303,0.6888888888888889,0.6918843642328731,1.197245478630066,0.875,0.8746894433517138,0.6530662178993225
mlp,mixed,313,20,200,dora,DoRA,dora,4-4-4,0.03,1.0,0.7083333333333334,0.9452332258224487,20,38,2034,0.3019067929999437,0.7333333333333333,0.7300219418579282,0.9717732071876526,0.7916666666666666,0.7961984933865628,0.8001046776771545
mlp,mixed,313,20,200,lora_matched,LoRA (DoRA-matched budget),lora,5-4-4,0.03,1.0,0.7,1.619910717010498,33,51,2024,0.3632862669996939,0.7333333333333333,0.7317108644573445,1.5387115478515625,0.8472222222222222,0.844378237234085,1.4791032075881958
mlp,mixed,313,20,200,dora_budgeted,DoRA (LoRA-budget ceiling),dora,4-3-3,0.03,1.0,0.7138888888888889,0.9302406907081604,20,38,1768,0.3076220680000006,0.725,0.7241615161973013,0.9690573215484619,0.8222222222222222,0.8228118715340281,0.7494784593582153
mlp,mixed,313,40,400,lora,LoRA,lora,4-4-4,0.03,1.0,0.7722222222222223,1.092015266418457,37,55,1832,0.5869683010000699,0.7666666666666667,0.7668683626541245,1.1747331619262695,0.775,0.7770583916226496,2.0963492393493652
mlp,mixed,313,40,400,lora_plus,LoRA+,lora_plus,4-4-4,0.003,16.0,0.75,1.0545872449874878,39,57,1832,0.6155705569999554,0.7583333333333333,0.7548541479390065,1.1298421621322632,0.7944444444444444,0.788649196512483,1.6592769622802734
mlp,mixed,313,40,400,dora,DoRA,dora,4-4-4,0.03,1.0,0.775,0.7366902828216553,11,29,2034,0.35175424199996996,0.7666666666666667,0.7566690743170305,0.748748779296875,0.8111111111111111,0.809557173407143,0.9240449666976929
mlp,mixed,313,40,400,lora_matched,LoRA (DoRA-matched budget),lora,5-4-4,0.03,1.0,0.7805555555555556,1.1564635038375854,31,49,2024,0.5079926779999369,0.7527777777777778,0.7512474200314426,1.344782829284668,0.7888888888888889,0.7877555155954444,1.8192589282989502
mlp,mixed,313,40,400,dora_budgeted,DoRA (LoRA-budget ceiling),dora,4-3-3,0.03,1.0,0.7666666666666667,0.6884992122650146,10,28,1768,0.3649450969996906,0.7694444444444445,0.7697389566401399,0.7100903391838074,0.8694444444444445,0.8716754497068685,0.6684017777442932
mlp,mixed,314,5,50,lora,LoRA,lora,4-4-4,0.03,1.0,0.6166666666666667,1.9763929843902588,21,39,1832,0.16729180799984533,0.6083333333333333,0.6032386528173076,1.884837031364441,0.8361111111111111,0.8333180836371774,0.941946268081665
mlp,mixed,314,5,50,lora_plus,LoRA+,lora_plus,4-4-4,0.003,16.0,0.6027777777777777,2.343096971511841,7,25,1832,0.10358051200000773,0.5861111111111111,0.5909126809454194,2.178011417388916,0.9694444444444444,0.9693318865486683,0.19639918208122253
mlp,mixed,314,5,50,dora,DoRA,dora,4-4-4,0.03,1.0,0.6305555555555555,1.4770805835723877,28,46,2034,0.2150589050002054,0.6416666666666667,0.6402296663283885,1.328221082687378,0.7527777777777778,0.7415067165339669,1.248767375946045
mlp,mixed,314,5,50,lora_matched,LoRA (DoRA-matched budget),lora,5-4-4,0.03,1.0,0.65,2.041269063949585,35,53,2024,0.2210225700000592,0.6361111111111111,0.6395393093073174,1.895429015159607,0.7527777777777778,0.7461579819564055,1.7816588878631592
mlp,mixed,314,5,50,dora_budgeted,DoRA (LoRA-budget ceiling),dora,4-3-3,0.03,1.0,0.6416666666666667,1.4162365198135376,28,46,1768,0.2024925699997766,0.6027777777777777,0.5970572571201501,1.287110686302185,0.7861111111111111,0.7820633167796557,0.9205145835876465
mlp,mixed,314,10,100,lora,LoRA,lora,4-4-4,0.03,1.0,0.7166666666666667,1.3000096082687378,19,37,1832,0.19141434999983176,0.6722222222222223,0.6705356714887647,1.4026728868484497,0.8277777777777777,0.8298993698063505,1.0532195568084717
mlp,mixed,314,10,100,lora_plus,LoRA+,lora_plus,4-4-4,0.003,16.0,0.6694444444444444,1.5462714433670044,43,61,1832,0.30268057200009935,0.6527777777777778,0.6504369606963496,1.5496290922164917,0.7694444444444445,0.7607735208153669,1.5486241579055786
mlp,mixed,314,10,100,dora,DoRA,dora,4-4-4,0.03,1.0,0.6972222222222222,0.997281551361084,23,41,2034,0.23437722999960897,0.7027777777777777,0.7008328001273548,1.0882973670959473,0.775,0.7760476969631995,1.0724365711212158
mlp,mixed,314,10,100,lora_matched,LoRA (DoRA-matched budget),lora,5-4-4,0.03,1.0,0.7,1.1953485012054443,21,39,2024,0.2067129600000044,0.6805555555555556,0.6839179904481456,1.393337368965149,0.7888888888888889,0.7895648641610319,1.4394772052764893
mlp,mixed,314,10,100,dora_budgeted,DoRA (LoRA-budget ceiling),dora,4-3-3,0.03,1.0,0.6888888888888889,1.0331225395202637,20,38,1768,0.2173697049997827,0.7,0.6943171782813118,1.0745196342468262,0.775,0.775441599899089,1.066356897354126
mlp,mixed,314,20,200,lora,LoRA,lora,4-4-4,0.03,1.0,0.7222222222222222,1.2692729234695435,31,49,1832,0.35362250400021367,0.7194444444444444,0.7161778938231492,1.3671966791152954,0.7083333333333334,0.6945167054448879,2.477898359298706
mlp,mixed,314,20,200,lora_plus,LoRA+,lora_plus,4-4-4,0.003,16.0,0.7277777777777777,1.1471524238586426,36,54,1832,0.4094917920001535,0.7083333333333334,0.6997775728270513,1.1020147800445557,0.8194444444444444,0.8197139613108482,1.3973227739334106
mlp,mixed,314,20,200,dora,DoRA,dora,4-4-4,0.03,1.0,0.7166666666666667,0.9057345986366272,21,39,2034,0.3409846340000513,0.7361111111111112,0.7331185290032709,0.9305873513221741,0.7833333333333333,0.7810909209733398,1.2597787380218506
mlp,mixed,314,20,200,lora_matched,LoRA (DoRA-matched budget),lora,5-4-4,0.03,1.0,0.7027777777777777,1.1693776845932007,15,33,2024,0.25283767499968235,0.725,0.7199666452413104,1.1932789087295532,0.7944444444444444,0.7893444626724098,1.493401050567627
mlp,mixed,314,20,200,dora_budgeted,DoRA (LoRA-budget ceiling),dora,4-3-3,0.03,1.0,0.725,0.9236869215965271,21,39,1768,0.3041792900003202,0.7222222222222222,0.7176686904162946,0.939096212387085,0.8222222222222222,0.8203998693931001,1.095118522644043
mlp,mixed,314,40,400,lora,LoRA,lora,4-4-4,0.03,1.0,0.7388888888888889,0.9209558963775635,17,35,1832,0.3423870260003241,0.75,0.7449309268215619,0.8778959512710571,0.7361111111111112,0.7270302450266376,1.6743063926696777
mlp,mixed,314,40,400,lora_plus,LoRA+,lora_plus,4-4-4,0.003,16.0,0.7555555555555555,1.147626280784607,58,76,1832,0.7596618749998925,0.75,0.7454725466131534,1.1426488161087036,0.6972222222222222,0.6842680738014983,2.4540743827819824
mlp,mixed,314,40,400,dora,DoRA,dora,4-4-4,0.03,1.0,0.7666666666666667,0.7779470682144165,15,33,2034,0.39774759700003415,0.7527777777777778,0.7477130505446048,0.7499837875366211,0.7583333333333333,0.7495920904930639,1.2945575714111328
mlp,mixed,314,40,400,lora_matched,LoRA (DoRA-matched budget),lora,5-4-4,0.03,1.0,0.7472222222222222,0.9903194904327393,19,37,2024,0.37520260900009816,0.7638888888888888,0.7608078484488214,0.9495626091957092,0.7611111111111111,0.7559764541196173,2.0355074405670166
mlp,mixed,314,40,400,dora_budgeted,DoRA (LoRA-budget ceiling),dora,4-3-3,0.03,1.0,0.7416666666666667,0.7766752243041992,12,30,1768,0.3695258859997921,0.725,0.7228693456813678,0.7587102055549622,0.7666666666666667,0.7601463322596353,1.0070632696151733
mlp,mixed,315,5,50,lora,LoRA,lora,4-4-4,0.03,1.0,0.6333333333333333,2.0823588371276855,23,41,1832,0.15890167399993516,0.6027777777777777,0.5991287097555296,2.1141092777252197,0.7777777777777778,0.7811652281272168,2.264941453933716
mlp,mixed,315,5,50,lora_plus,LoRA+,lora_plus,4-4-4,0.003,16.0,0.5805555555555556,2.4529356956481934,2,20,1832,0.07748518600010357,0.5722222222222222,0.5648586136537219,2.45477294921875,0.9666666666666667,0.9664668353761806,0.17631438374519348
mlp,mixed,315,5,50,dora,DoRA,dora,4-4-4,0.03,1.0,0.6055555555555555,1.5087685585021973,28,46,2034,0.1998943059998055,0.6027777777777777,0.5946442044172635,1.5010071992874146,0.7388888888888889,0.7460625035361447,1.8365274667739868
mlp,mixed,315,5,50,lora_matched,LoRA (DoRA-matched budget),lora,5-4-4,0.03,1.0,0.6222222222222222,2.106567621231079,18,36,2024,0.14448949900042862,0.5722222222222222,0.5669786996822792,2.1686763763427734,0.8111111111111111,0.8109994321816789,1.4781548976898193
mlp,mixed,315,5,50,dora_budgeted,DoRA (LoRA-budget ceiling),dora,4-3-3,0.03,1.0,0.625,1.5414574146270752,19,37,1768,0.16629565399989588,0.5833333333333334,0.5758601536091732,1.5616791248321533,0.8,0.8019395953099847,1.2605148553848267
mlp,mixed,315,10,100,lora,LoRA,lora,4-4-4,0.03,1.0,0.7083333333333334,1.412211537361145,16,34,1832,0.1714339159998417,0.6472222222222223,0.6310574855451685,1.7270978689193726,0.8583333333333333,0.8569104741491904,0.9582533240318298
mlp,mixed,315,10,100,lora_plus,LoRA+,lora_plus,4-4-4,0.003,16.0,0.6444444444444445,1.887731909751892,27,45,1832,0.23103807000006782,0.5833333333333334,0.5753433376694722,2.127537250518799,0.8055555555555556,0.8134853917090259,1.2260934114456177
mlp,mixed,315,10,100,dora,DoRA,dora,4-4-4,0.03,1.0,0.7083333333333334,1.0151338577270508,18,36,2034,0.2126801100002922,0.6555555555555556,0.6520266358500243,1.1779788732528687,0.7888888888888889,0.7902484016242133,0.9000147581100464
mlp,mixed,315,10,100,lora_matched,LoRA (DoRA-matched budget),lora,5-4-4,0.03,1.0,0.7083333333333334,1.5483965873718262,34,52,2024,0.2657619669998894,0.6583333333333333,0.6584283064852013,1.8596516847610474,0.8194444444444444,0.8198165577068094,1.334433674812317
mlp,mixed,315,10,100,dora_budgeted,DoRA (LoRA-budget ceiling),dora,4-3-3,0.03,1.0,0.6916666666666667,1.0799468755722046,14,32,1768,0.18381894599997395,0.6638888888888889,0.6615129675653296,1.2219327688217163,0.7944444444444444,0.796056230202357,0.8812954425811768
mlp,mixed,315,20,200,lora,LoRA,lora,4-4-4,0.03,1.0,0.7527777777777778,1.0625479221343994,23,41,1832,0.2826080049999291,0.6972222222222222,0.6970073041656112,1.329251766204834,0.9055555555555556,0.9043805855361846,0.606704831123352
mlp,mixed,315,20,200,lora_plus,LoRA+,lora_plus,4-4-4,0.003,16.0,0.7277777777777777,1.18229079246521,36,54,1832,0.38090562999968824,0.675,0.6755497538785209,1.3474242687225342,0.9027777777777778,0.9038088723499007,0.5808355808258057
mlp,mixed,315,20,200,dora,DoRA,dora,4-4-4,0.03,1.0,0.75,0.8690567016601562,27,45,2034,0.35622534399999495,0.7055555555555556,0.7045564922897158,1.0616756677627563,0.8361111111111111,0.8383001025088948,0.742178201675415
mlp,mixed,315,20,200,lora_matched,LoRA (DoRA-matched budget),lora,5-4-4,0.03,1.0,0.7555555555555555,1.129927396774292,39,57,2024,0.40034895500002676,0.6972222222222222,0.6940518304466472,1.5033481121063232,0.8638888888888889,0.8616402521651307,1.002709150314331
mlp,mixed,315,20,200,dora_budgeted,DoRA (LoRA-budget ceiling),dora,4-3-3,0.03,1.0,0.7555555555555555,0.8986247777938843,27,45,1768,0.3984082199999648,0.7055555555555556,0.7050355488378283,1.084163784980774,0.8416666666666667,0.8432021928429625,0.6937964558601379
mlp,mixed,315,40,400,lora,LoRA,lora,4-4-4,0.03,1.0,0.7527777777777778,0.9508472084999084,15,33,1832,0.37190639099981126,0.7305555555555555,0.7334158896658898,0.952152669429779,0.7166666666666667,0.7135453659888087,1.902106523513794
mlp,mixed,315,40,400,lora_plus,LoRA+,lora_plus,4-4-4,0.003,16.0,0.7472222222222222,1.1345926523208618,38,56,1832,0.6006138239999927,0.7083333333333334,0.7051230616620876,1.1092333793640137,0.7555555555555555,0.752268078029269,1.7310655117034912
mlp,mixed,315,40,400,dora,DoRA,dora,4-4-4,0.03,1.0,0.7666666666666667,0.7331825494766235,11,29,2034,0.3719415929999741,0.7333333333333333,0.7304575228195299,0.7562422156333923,0.7888888888888889,0.7873937581910595,0.9782119989395142
mlp,mixed,315,40,400,lora_matched,LoRA (DoRA-matched budget),lora,5-4-4,0.03,1.0,0.7638888888888888,0.9096376895904541,11,29,2024,0.30844322100028876,0.7194444444444444,0.7159755918269953,0.9678163528442383,0.7666666666666667,0.7614321921765287,1.5033769607543945
mlp,mixed,315,40,400,dora_budgeted,DoRA (LoRA-budget ceiling),dora,4-3-3,0.03,1.0,0.7722222222222223,0.7201939821243286,7,25,1768,0.3205323449997195,0.7333333333333333,0.7394686076720447,0.770965039730072,0.7916666666666666,0.7939411810081419,0.9241096377372742
mlp,mixed,316,5,50,lora,LoRA,lora,4-4-4,0.03,1.0,0.6305555555555555,1.7710198163986206,20,38,1832,0.1564304240000638,0.5861111111111111,0.5841532991090129,1.971552848815918,0.8,0.8013369300620907,1.4036434888839722
mlp,mixed,316,5,50,lora_plus,LoRA+,lora_plus,4-4-4,0.003,16.0,0.6027777777777777,2.2076923847198486,9,27,1832,0.11362957599976653,0.575,0.5657626967832566,2.309237003326416,0.9388888888888889,0.9400331309601766,0.3238237500190735
mlp,mixed,316,5,50,dora,DoRA,dora,4-4-4,0.03,1.0,0.6416666666666667,1.4815263748168945,26,44,2034,0.20946099399998275,0.6194444444444445,0.61991565156261,1.6549088954925537,0.8083333333333333,0.8096155239768569,1.203471302986145
mlp,mixed,316,5,50,lora_matched,LoRA (DoRA-matched budget),lora,5-4-4,0.03,1.0,0.6305555555555555,1.9391993284225464,16,34,2024,0.13988432399992234,0.5972222222222222,0.587721232844772,2.0294930934906006,0.8361111111111111,0.839311287163901,1.1003246307373047
mlp,mixed,316,5,50,dora_budgeted,DoRA (LoRA-budget ceiling),dora,4-3-3,0.03,1.0,0.6527777777777778,1.4592173099517822,29,47,1768,0.22820640800000547,0.6,0.5981044511686813,1.6925435066223145,0.8111111111111111,0.8084364011425416,1.262242078781128
mlp,mixed,316,10,100,lora,LoRA,lora,4-4-4,0.03,1.0,0.6833333333333333,1.6076933145523071,24,42,1832,0.23320014199998695,0.6444444444444445,0.6416385472262441,1.8805731534957886,0.7638888888888888,0.755903559197879,2.3160674571990967
mlp,mixed,316,10,100,lora_plus,LoRA+,lora_plus,4-4-4,0.003,16.0,0.6861111111111111,1.5753487348556519,34,52,1832,0.2769058240000959,0.6194444444444445,0.61301443001443,1.8640543222427368,0.7361111111111112,0.7262158157328183,2.2947349548339844
mlp,mixed,316,10,100,dora,DoRA,dora,4-4-4,0.03,1.0,0.6861111111111111,1.1399571895599365,24,42,2034,0.26722713099979956,0.6083333333333333,0.6033689504121345,1.3485424518585205,0.6777777777777778,0.6584557797299718,1.9097462892532349
mlp,mixed,316,10,100,lora_matched,LoRA (DoRA-matched budget),lora,5-4-4,0.03,1.0,0.6777777777777778,1.5738385915756226,23,41,2024,0.2659544229995845,0.6333333333333333,0.6262427192861976,1.8975794315338135,0.7027777777777777,0.6846452163588989,2.6838417053222656
mlp,mixed,316,10,100,dora_budgeted,DoRA (LoRA-budget ceiling),dora,4-3-3,0.03,1.0,0.7027777777777777,1.2016233205795288,34,52,1768,0.4047891250002067,0.625,0.6217747446606015,1.3963381052017212,0.7,0.6896133117942912,1.9922518730163574
mlp,mixed,316,20,200,lora,LoRA,lora,4-4-4,0.03,1.0,0.7194444444444444,1.677671194076538,53,71,1832,0.6852467490002709,0.6527777777777778,0.646744459038496,2.173281192779541,0.7166666666666667,0.7029256160191153,2.4727959632873535
mlp,mixed,316,20,200,lora_plus,LoRA+,lora_plus,4-4-4,0.003,16.0,0.725,1.317695140838623,52,70,1832,0.6284518120000939,0.6444444444444445,0.6429092715930956,1.5961079597473145,0.7083333333333334,0.7134546407694403,2.4223995208740234
mlp,mixed,316,20,200,dora,DoRA,dora,4-4-4,0.03,1.0,0.7361111111111112,1.0011955499649048,39,57,2034,0.536208825000358,0.65,0.6435122130078618,1.2677631378173828,0.6805555555555556,0.6695572388677101,2.3642849922180176
mlp,mixed,316,20,200,lora_matched,LoRA (DoRA-matched budget),lora,5-4-4,0.03,1.0,0.7361111111111112,1.6114493608474731,62,80,2024,0.6637738429999445,0.6472222222222223,0.6433999645285777,2.212441921234131,0.7194444444444444,0.7081650111643072,2.663529872894287
mlp,mixed,316,20,200,dora_budgeted,DoRA (LoRA-budget ceiling),dora,4-3-3,0.03,1.0,0.7166666666666667,0.8918894529342651,14,32,1768,0.3225601229996755,0.6722222222222223,0.6711388224779136,1.0029296875,0.8694444444444445,0.8704366441932162,0.5506227016448975
mlp,mixed,316,40,400,lora,LoRA,lora,4-4-4,0.03,1.0,0.7638888888888888,0.9655609726905823,21,39,1832,0.4900187449998157,0.7388888888888889,0.731505246600898,1.0450271368026733,0.8111111111111111,0.8140742193308128,1.3254201412200928
mlp,mixed,316,40,400,lora_plus,LoRA+,lora_plus,4-4-4,0.003,16.0,0.775,0.7906088829040527,25,43,1832,0.5583209400001579,0.7388888888888889,0.7376486609945048,0.8862820267677307,0.8416666666666667,0.8468202961298184,0.9773412346839905
mlp,mixed,316,40,400,dora,DoRA,dora,4-4-4,0.03,1.0,0.775,0.7687476277351379,23,41,2034,0.6898705050002718,0.7333333333333333,0.7301133845666217,0.9178125858306885,0.65,0.6583678067495,1.7961376905441284
mlp,mixed,316,40,400,lora_matched,LoRA (DoRA-matched budget),lora,5-4-4,0.03,1.0,0.7638888888888888,1.071987271308899,24,42,2024,0.5361050860001342,0.7583333333333333,0.7562939587659149,1.0102332830429077,0.775,0.7801653825107737,1.7555341720581055
mlp,mixed,316,40,400,dora_budgeted,DoRA (LoRA-budget ceiling),dora,4-3-3,0.03,1.0,0.7722222222222223,0.6750948429107666,10,28,1768,0.4358667609999429,0.7277777777777777,0.7256861921207615,0.7293616533279419,0.8083333333333333,0.8156374770844256,0.8451118469238281
mlp,mixed,317,5,50,lora,LoRA,lora,4-4-4,0.03,1.0,0.5888888888888889,2.559816598892212,21,39,1832,0.19836882600020544,0.55,0.5577185543787165,2.7154407501220703,0.6666666666666666,0.6721300803095215,2.7180206775665283
mlp,mixed,317,5,50,lora_plus,LoRA+,lora_plus,4-4-4,0.003,16.0,0.5666666666666667,2.437753438949585,3,21,1832,0.11837041699982365,0.5805555555555556,0.5645118575456921,2.5613160133361816,0.8361111111111111,0.8283047353310511,0.9717307090759277
mlp,mixed,317,5,50,dora,DoRA,dora,4-4-4,0.03,1.0,0.5944444444444444,2.011746644973755,8,26,2034,0.12971586599996954,0.5638888888888889,0.5579347179274974,2.149365186691284,0.8555555555555555,0.8555023658183041,0.6454436182975769
mlp,mixed,317,5,50,lora_matched,LoRA (DoRA-matched budget),lora,5-4-4,0.03,1.0,0.5888888888888889,2.1366608142852783,9,27,2024,0.11891159300012077,0.5916666666666667,0.5898116238999346,2.2574446201324463,0.8472222222222222,0.8455188691392067,0.7733935117721558
mlp,mixed,317,5,50,dora_budgeted,DoRA (LoRA-budget ceiling),dora,4-3-3,0.03,1.0,0.5861111111111111,2.005000352859497,9,27,1768,0.13157414199986306,0.5694444444444444,0.5648430500735124,2.1511027812957764,0.8166666666666667,0.8141468405136333,0.8287997841835022
mlp,mixed,317,10,100,lora,LoRA,lora,4-4-4,0.03,1.0,0.6722222222222223,1.7140454053878784,18,36,1832,0.20064953300015986,0.675,0.667986225670676,1.879392147064209,0.8305555555555556,0.828580497770776,1.180098056793213
mlp,mixed,317,10,100,lora_plus,LoRA+,lora_plus,4-4-4,0.003,16.0,0.6638888888888889,1.8162167072296143,26,44,1832,0.23051412099994195,0.6333333333333333,0.6286135055276046,1.937010645866394,0.7805555555555556,0.7768661147278069,1.3224536180496216
mlp,mixed,317,10,100,dora,DoRA,dora,4-4-4,0.03,1.0,0.675,1.139193058013916,17,35,2034,0.20149713999990126,0.6583333333333333,0.6557333681538873,1.2289869785308838,0.8111111111111111,0.8064882558669872,0.7979981899261475
mlp,mixed,317,10,100,lora_matched,LoRA (DoRA-matched budget),lora,5-4-4,0.03,1.0,0.6888888888888889,1.6733475923538208,11,29,2024,0.15066664000005403,0.6694444444444444,0.6584027373949637,1.6658920049667358,0.8555555555555555,0.8562653208878264,0.86314457654953
mlp,mixed,317,10,100,dora_budgeted,DoRA (LoRA-budget ceiling),dora,4-3-3,0.03,1.0,0.6861111111111111,1.2813944816589355,40,58,1768,0.35495889000003444,0.6722222222222223,0.6679621513669279,1.3624964952468872,0.7722222222222223,0.763188825802551,1.2831368446350098
mlp,mixed,317,20,200,lora,LoRA,lora,4-4-4,0.03,1.0,0.7472222222222222,1.1294810771942139,15,33,1832,0.24505758499981312,0.6666666666666666,0.6677218507230336,1.5395550727844238,0.825,0.8237097720310242,1.0160768032073975
mlp,mixed,317,20,200,lora_plus,LoRA+,lora_plus,4-4-4,0.003,16.0,0.7388888888888889,1.159655213356018,36,54,1832,0.41557818000001134,0.7138888888888889,0.7066054181971395,1.274996280670166,0.8333333333333334,0.830258723189648,0.9427322149276733
mlp,mixed,317,20,200,dora,DoRA,dora,4-4-4,0.03,1.0,0.7388888888888889,0.8242717981338501,18,36,2034,0.3300111100002141,0.6833333333333333,0.6732965145010248,1.013358473777771,0.8277777777777777,0.8269332096155708,0.7027066349983215
mlp,mixed,317,20,200,lora_matched,LoRA (DoRA-matched budget),lora,5-4-4,0.03,1.0,0.7722222222222223,1.206049919128418,41,59,2024,0.44815931200037085,0.6861111111111111,0.6854536739266417,1.4744808673858643,0.8138888888888889,0.8177892866943821,1.1737300157546997
mlp,mixed,317,20,200,dora_budgeted,DoRA (LoRA-budget ceiling),dora,4-3-3,0.03,1.0,0.7666666666666667,0.9037017822265625,38,56,1768,0.48285448200022074,0.7166666666666667,0.7134205094155343,1.05287504196167,0.7888888888888889,0.7871400177461887,1.1356643438339233
mlp,mixed,317,40,400,lora,LoRA,lora,4-4-4,0.03,1.0,0.7666666666666667,0.8116365075111389,17,35,1832,0.35696116600001915,0.7416666666666667,0.7375545548928821,0.8909082412719727,0.7944444444444444,0.797623137253394,1.3425068855285645
mlp,mixed,317,40,400,lora_plus,LoRA+,lora_plus,4-4-4,0.003,16.0,0.7805555555555556,0.9486294388771057,45,63,1832,0.6745242659999349,0.7333333333333333,0.7339002063088133,1.0437335968017578,0.775,0.7853764593723402,1.8837577104568481
mlp,mixed,317,40,400,dora,DoRA,dora,4-4-4,0.03,1.0,0.7833333333333333,0.7450850605964661,15,33,2034,0.4188231610000912,0.7555555555555555,0.7402990628356981,0.7871943116188049,0.7527777777777778,0.7656045971604601,1.4892125129699707
mlp,mixed,317,40,400,lora_matched,LoRA (DoRA-matched budget),lora,5-4-4,0.03,1.0,0.7722222222222223,0.7209889888763428,12,30,2024,0.31504981299985957,0.7416666666666667,0.7346320237713959,0.8079161047935486,0.8083333333333333,0.8139284399591793,1.1615123748779297
mlp,mixed,317,40,400,dora_budgeted,DoRA (LoRA-budget ceiling),dora,4-3-3,0.03,1.0,0.7805555555555556,0.6446329951286316,11,29,1768,0.38541883600009896,0.7361111111111112,0.7414179923748511,0.6914023756980896,0.8222222222222222,0.8231855324143227,0.9274783730506897
mlp,mixed,318,5,50,lora,LoRA,lora,4-4-4,0.03,1.0,0.6222222222222222,2.501896858215332,28,46,1832,0.18604623800001718,0.6166666666666667,0.6036411570180239,2.3754706382751465,0.6777777777777778,0.6662899842066843,2.8533935546875
mlp,mixed,318,5,50,lora_plus,LoRA+,lora_plus,4-4-4,0.003,16.0,0.6166666666666667,2.382382869720459,34,52,1832,0.21652435299984063,0.6138888888888889,0.6030752234248966,2.323308229446411,0.6694444444444444,0.6507848807191892,2.9376277923583984
mlp,mixed,318,5,50,dora,DoRA,dora,4-4-4,0.03,1.0,0.6194444444444445,1.4705986976623535,29,47,2034,0.2138304740001331,0.5916666666666667,0.5765052345911457,1.5061074495315552,0.7,0.6841048200397505,1.6775612831115723
mlp,mixed,318,5,50,lora_matched,LoRA (DoRA-matched budget),lora,5-4-4,0.03,1.0,0.6222222222222222,1.88088858127594,11,29,2024,0.14110734299993055,0.5861111111111111,0.5778147160732272,1.8650200366973877,0.8666666666666667,0.8643974497810138,0.7330386638641357
mlp,mixed,318,5,50,dora_budgeted,DoRA (LoRA-budget ceiling),dora,4-3-3,0.03,1.0,0.6333333333333333,1.4123555421829224,31,49,1768,0.22859836599991468,0.6055555555555555,0.5928333078597636,1.4314658641815186,0.7111111111111111,0.6988566285771523,1.6117660999298096
mlp,mixed,318,10,100,lora,LoRA,lora,4-4-4,0.03,1.0,0.7194444444444444,1.7506943941116333,39,57,1832,0.32026400999984617,0.6861111111111111,0.6780330097559409,2.0418081283569336,0.7,0.6817895107732597,3.1892473697662354
mlp,mixed,318,10,100,lora_plus,LoRA+,lora_plus,4-4-4,0.003,16.0,0.6694444444444444,1.753132939338684,17,35,1832,0.1853368489996683,0.6222222222222222,0.6143858787487895,1.7354021072387695,0.7305555555555555,0.7115805480109539,1.7201507091522217
mlp,mixed,318,10,100,dora,DoRA,dora,4-4-4,0.03,1.0,0.6972222222222222,1.0440348386764526,14,32,2034,0.18728231099976256,0.6888888888888889,0.6777821172880574,1.080842137336731,0.7638888888888888,0.750917290630247,1.089100956916809
mlp,mixed,318,10,100,lora_matched,LoRA (DoRA-matched budget),lora,5-4-4,0.03,1.0,0.7138888888888889,1.913922667503357,32,50,2024,0.3019132689996695,0.6944444444444444,0.6826424255575686,2.157980442047119,0.6694444444444444,0.6422119688882754,3.463189125061035
mlp,mixed,318,10,100,dora_budgeted,DoRA (LoRA-budget ceiling),dora,4-3-3,0.03,1.0,0.7,1.1152713298797607,24,42,1768,0.3151082599997608,0.7,0.6895961293436632,1.260198950767517,0.6833333333333333,0.6501008314239077,2.052734613418579
mlp,mixed,318,20,200,lora,LoRA,lora,4-4-4,0.03,1.0,0.7472222222222222,1.0125294923782349,12,30,1832,0.23648802500019883,0.7083333333333334,0.6979870620805622,1.0747931003570557,0.8361111111111111,0.833848454146961,1.0356216430664062
mlp,mixed,318,20,200,lora_plus,LoRA+,lora_plus,4-4-4,0.003,16.0,0.7277777777777777,1.2714930772781372,40,58,1832,0.43926427099995635,0.6833333333333333,0.6784042334253888,1.345905065536499,0.7305555555555555,0.696237257892468,2.535701274871826
mlp,mixed,318,20,200,dora,DoRA,dora,4-4-4,0.03,1.0,0.7555555555555555,0.835275411605835,12,30,2034,0.26388738200012085,0.6916666666666667,0.6833877480043574,0.846280574798584,0.7888888888888889,0.7795913233801856,0.9629546403884888
mlp,mixed,318,20,200,lora_matched,LoRA (DoRA-matched budget),lora,5-4-4,0.03,1.0,0.7472222222222222,1.3066208362579346,19,37,2024,0.2972683810003218,0.7361111111111112,0.7320437710937099,1.1920191049575806,0.775,0.7648379937971734,1.6493804454803467
mlp,mixed,318,20,200,dora_budgeted,DoRA (LoRA-budget ceiling),dora,4-3-3,0.03,1.0,0.7583333333333333,0.9464986324310303,24,42,1768,0.3504279479998331,0.7388888888888889,0.7361407110106694,0.9657982587814331,0.6944444444444444,0.672392899500956,1.8324264287948608
mlp,mixed,318,40,400,lora,LoRA,lora,4-4-4,0.03,1.0,0.7694444444444445,0.9001531004905701,11,29,1832,0.2847260329999699,0.7333333333333333,0.7303487031571068,0.9476155638694763,0.8638888888888889,0.8614470424101531,0.7390670776367188
mlp,mixed,318,40,400,lora_plus,LoRA+,lora_plus,4-4-4,0.003,16.0,0.7472222222222222,0.9313257932662964,21,39,1832,0.4226598010000089,0.6972222222222222,0.6878694832472604,1.0177299976348877,0.7888888888888889,0.7669077594821188,1.5518336296081543
mlp,mixed,318,40,400,dora,DoRA,dora,4-4-4,0.03,1.0,0.7527777777777778,0.7888534665107727,16,34,2034,0.4122002200001589,0.7444444444444445,0.7400932333973811,0.8425951600074768,0.8222222222222222,0.8163920284089399,1.0261808633804321
mlp,mixed,318,40,400,lora_matched,LoRA (DoRA-matched budget),lora,5-4-4,0.03,1.0,0.7694444444444445,0.8593260049819946,11,29,2024,0.29606262400011474,0.7305555555555555,0.7244922579204639,0.9155054092407227,0.85,0.8455329330064416,0.8443362712860107
mlp,mixed,318,40,400,dora_budgeted,DoRA (LoRA-budget ceiling),dora,4-3-3,0.03,1.0,0.7666666666666667,0.7154690027236938,11,29,1768,0.37693733300011445,0.7333333333333333,0.7300083685240546,0.7318111062049866,0.8361111111111111,0.8322783540055276,0.6686528325080872
mlp,mixed,319,5,50,lora,LoRA,lora,4-4-4,0.03,1.0,0.6083333333333333,2.017418384552002,9,27,1832,0.12094199200009825,0.6083333333333333,0.606184490123545,2.09578013420105,0.8861111111111111,0.8874495641231988,0.5780079960823059
mlp,mixed,319,5,50,lora_plus,LoRA+,lora_plus,4-4-4,0.003,16.0,0.6055555555555555,2.129981756210327,14,32,1832,0.14149104699981763,0.5777777777777777,0.5725281373802702,2.3825900554656982,0.8527777777777777,0.8559840469744172,0.861029326915741
mlp,mixed,319,5,50,dora,DoRA,dora,4-4-4,0.03,1.0,0.6138888888888889,1.753627896308899,15,33,2034,0.16003725300015503,0.6277777777777778,0.6171580123017814,1.6835544109344482,0.8444444444444444,0.8384979592891085,1.0056350231170654
mlp,mixed,319,5,50,lora_matched,LoRA (DoRA-matched budget),lora,5-4-4,0.03,1.0,0.6305555555555555,1.990492582321167,14,32,2024,0.13221262499973818,0.6222222222222222,0.6211916284121797,1.893867015838623,0.8777777777777778,0.8766878169280915,0.8860650658607483
mlp,mixed,319,5,50,dora_budgeted,DoRA (LoRA-budget ceiling),dora,4-3-3,0.03,1.0,0.6138888888888889,1.7686855792999268,16,34,1768,0.16283665099990685,0.6222222222222222,0.6181851934642679,1.6751865148544312,0.8611111111111112,0.8583048916434054,0.9395862221717834
mlp,mixed,319,10,100,lora,LoRA,lora,4-4-4,0.03,1.0,0.675,1.3890470266342163,10,28,1832,0.15182706099994903,0.6611111111111111,0.6558321830516581,1.5916062593460083,0.9111111111111111,0.9104014138128301,0.6179900169372559
mlp,mixed,319,10,100,lora_plus,LoRA+,lora_plus,4-4-4,0.003,16.0,0.6333333333333333,1.8253533840179443,30,48,1832,0.26179904299988266,0.6111111111111112,0.6071250145623459,2.019087076187134,0.8083333333333333,0.795350532375495,1.1638880968093872
mlp,mixed,319,10,100,dora,DoRA,dora,4-4-4,0.03,1.0,0.6944444444444444,1.1315070390701294,26,44,2034,0.2719500490002247,0.6638888888888889,0.6509359007074524,1.2607293128967285,0.7833333333333333,0.769108324147459,1.2383570671081543
mlp,mixed,319,10,100,lora_matched,LoRA (DoRA-matched budget),lora,5-4-4,0.03,1.0,0.6861111111111111,1.4454900026321411,10,28,2024,0.14915792000010697,0.6583333333333333,0.6505684815155216,1.660581111907959,0.9083333333333333,0.9078492181471767,0.6265954971313477
mlp,mixed,319,10,100,dora_budgeted,DoRA (LoRA-budget ceiling),dora,4-3-3,0.03,1.0,0.6916666666666667,1.1228528022766113,13,31,1768,0.20648351999989245,0.6666666666666666,0.6578633648311178,1.2246899604797363,0.8611111111111112,0.8551112827927883,0.6595442891120911
mlp,mixed,319,20,200,lora,LoRA,lora,4-4-4,0.03,1.0,0.7083333333333334,1.2727224826812744,17,35,1832,0.2588787830000001,0.6861111111111111,0.6798544946977012,1.4781494140625,0.7472222222222222,0.7373955393836782,2.133402109146118
mlp,mixed,319,20,200,lora_plus,LoRA+,lora_plus,4-4-4,0.003,16.0,0.7333333333333333,1.1272457838058472,19,37,1832,0.27910108399964884,0.7138888888888889,0.70437214521516,1.260811686515808,0.8694444444444445,0.8696272921658169,0.6844719648361206
mlp,mixed,319,20,200,dora,DoRA,dora,4-4-4,0.03,1.0,0.7277777777777777,0.9860439896583557,19,37,2034,0.3114100950001557,0.6944444444444444,0.6814741313791817,1.1065523624420166,0.7027777777777777,0.6888522334318048,2.0566866397857666
mlp,mixed,319,20,200,lora_matched,LoRA (DoRA-matched budget),lora,5-4-4,0.03,1.0,0.7166666666666667,1.3894305229187012,17,35,2024,0.2512624869996216,0.7083333333333334,0.6944833248020983,1.6456118822097778,0.7388888888888889,0.735853968647894,2.4070138931274414
mlp,mixed,319,20,200,dora_budgeted,DoRA (LoRA-budget ceiling),dora,4-3-3,0.03,1.0,0.7333333333333333,0.9453871250152588,23,41,1768,0.3488687139997637,0.6944444444444444,0.6909057849096369,1.0869810581207275,0.7361111111111112,0.7196767615996351,1.7545539140701294
mlp,mixed,319,40,400,lora,LoRA,lora,4-4-4,0.03,1.0,0.7861111111111111,1.0304124355316162,26,44,1832,0.47466674800034525,0.7388888888888889,0.7297194078513081,1.3466600179672241,0.6861111111111111,0.678079791250878,3.007744073867798
mlp,mixed,319,40,400,lora_plus,LoRA+,lora_plus,4-4-4,0.003,16.0,0.7611111111111111,0.9499886631965637,22,40,1832,0.42659465299993826,0.7166666666666667,0.7136610211456534,1.1026628017425537,0.8361111111111111,0.8382337412372405,1.275814175605774
mlp,mixed,319,40,400,dora,DoRA,dora,4-4-4,0.03,1.0,0.7888888888888889,0.7130612730979919,21,39,2034,0.4813326919997962,0.7361111111111112,0.7309059149530566,0.9386097192764282,0.7,0.7022548960267985,1.9853929281234741
mlp,mixed,319,40,400,lora_matched,LoRA (DoRA-matched budget),lora,5-4-4,0.03,1.0,0.7777777777777778,1.1658599376678467,35,53,2024,0.5717633679996652,0.7222222222222222,0.7183178082792974,1.5294220447540283,0.7444444444444445,0.747854095260808,2.233111619949341
mlp,mixed,319,40,400,dora_budgeted,DoRA (LoRA-budget ceiling),dora,4-3-3,0.03,1.0,0.7972222222222223,0.7715703248977661,35,53,1768,0.6613007579999248,0.7277777777777777,0.7229384109840014,1.0838887691497803,0.675,0.6659013662251618,2.524415969848633
mlp,mixed,320,5,50,lora,LoRA,lora,4-4-4,0.03,1.0,0.65,2.2569258213043213,38,56,1832,0.2239884919999895,0.6055555555555555,0.5935383397535385,2.1594021320343018,0.7972222222222223,0.7856874063422818,2.085836410522461
mlp,mixed,320,5,50,lora_plus,LoRA+,lora_plus,4-4-4,0.003,16.0,0.5555555555555556,2.5208420753479004,2,20,1832,0.08025122800017925,0.5666666666666667,0.5641232249153993,2.4645628929138184,0.9694444444444444,0.9694181994959706,0.16752788424491882
mlp,mixed,320,5,50,dora,DoRA,dora,4-4-4,0.03,1.0,0.6222222222222222,1.5470781326293945,23,41,2034,0.17839870000034352,0.6166666666666667,0.6083859935115878,1.4256199598312378,0.8222222222222222,0.8062729867161991,1.202284574508667
mlp,mixed,320,5,50,lora_matched,LoRA (DoRA-matched budget),lora,5-4-4,0.03,1.0,0.6166666666666667,2.159755229949951,21,39,2024,0.16417863399965427,0.6222222222222222,0.6178551369961591,1.9289164543151855,0.8222222222222222,0.8064495484518087,1.6547249555587769
mlp,mixed,320,5,50,dora_budgeted,DoRA (LoRA-budget ceiling),dora,4-3-3,0.03,1.0,0.6277777777777778,1.6204472780227661,28,46,1768,0.20205360199997813,0.625,0.6167182196364714,1.4889768362045288,0.8111111111111111,0.791634030567384,1.415170431137085
mlp,mixed,320,10,100,lora,LoRA,lora,4-4-4,0.03,1.0,0.6777777777777778,1.4590076208114624,23,41,1832,0.21324772899970412,0.6416666666666667,0.6443792138608382,1.5206314325332642,0.875,0.8736514305346932,0.7075300216674805
mlp,mixed,320,10,100,lora_plus,LoRA+,lora_plus,4-4-4,0.003,16.0,0.6388888888888888,1.5621209144592285,31,49,1832,0.26399985899979583,0.6222222222222222,0.6185245655908236,1.6351220607757568,0.8694444444444445,0.8713457973409968,0.7220045924186707
mlp,mixed,320,10,100,dora,DoRA,dora,4-4-4,0.03,1.0,0.7027777777777777,1.3174848556518555,38,56,2034,0.32165605199998026,0.6472222222222223,0.6484160112208015,1.4262324571609497,0.8,0.7961625619676821,1.0521576404571533
mlp,mixed,320,10,100,lora_matched,LoRA (DoRA-matched budget),lora,5-4-4,0.03,1.0,0.6888888888888889,1.2744832038879395,16,34,2024,0.1757269049999195,0.6583333333333333,0.6623886178896317,1.370509386062622,0.8861111111111111,0.8868915826648573,0.540235161781311
mlp,mixed,320,10,100,dora_budgeted,DoRA (LoRA-budget ceiling),dora,4-3-3,0.03,1.0,0.6916666666666667,1.0892611742019653,27,45,1768,0.2537410620002447,0.6638888888888889,0.6619160933549935,1.091604232788086,0.8777777777777778,0.8752521233848318,0.5363747477531433
mlp,mixed,320,20,200,lora,LoRA,lora,4-4-4,0.03,1.0,0.7694444444444445,1.2115559577941895,39,57,1832,0.4040494280002349,0.7027777777777777,0.6963142947342978,1.2836806774139404,0.8,0.8009293588342737,1.625082015991211
mlp,mixed,320,20,200,lora_plus,LoRA+,lora_plus,4-4-4,0.003,16.0,0.7111111111111111,1.1040763854980469,19,37,1832,0.26665525099997467,0.7,0.6960934089122021,1.1555737257003784,0.8194444444444444,0.8157547861760722,1.0895545482635498
mlp,mixed,320,20,200,dora,DoRA,dora,4-4-4,0.03,1.0,0.7361111111111112,0.9000140428543091,24,42,2034,0.34381429900031435,0.7055555555555556,0.6970091677645435,0.923861026763916,0.7722222222222223,0.7726742633504928,1.279518485069275
mlp,mixed,320,20,200,lora_matched,LoRA (DoRA-matched budget),lora,5-4-4,0.03,1.0,0.7305555555555555,1.1574898958206177,19,37,2024,0.2591862869999204,0.7,0.6943092820744138,1.2447649240493774,0.8333333333333334,0.8345407029675742,1.3386809825897217
mlp,mixed,320,20,200,dora_budgeted,DoRA (LoRA-budget ceiling),dora,4-3-3,0.03,1.0,0.7361111111111112,0.9141597151756287,19,37,1768,0.29537938100020256,0.7,0.6924714453528416,0.9801693558692932,0.7888888888888889,0.7898561737044565,1.2813655138015747
mlp,mixed,320,40,400,lora,LoRA,lora,4-4-4,0.03,1.0,0.7666666666666667,1.1531299352645874,35,53,1832,0.5231712639997568,0.7222222222222222,0.7199116054840496,1.3234617710113525,0.775,0.7753898184590781,2.129624366760254
mlp,mixed,320,40,400,lora_plus,LoRA+,lora_plus,4-4-4,0.003,16.0,0.7611111111111111,0.8958846926689148,26,44,1832,0.4542755259999467,0.75,0.7457256456341501,0.867002010345459,0.7055555555555556,0.6995549196570542,1.975454330444336
mlp,mixed,320,40,400,dora,DoRA,dora,4-4-4,0.03,1.0,0.7888888888888889,0.6877080202102661,18,36,2034,0.42839434000006804,0.75,0.7437605198872624,0.7675377726554871,0.7555555555555555,0.7509689700638186,1.7381269931793213
mlp,mixed,320,40,400,lora_matched,LoRA (DoRA-matched budget),lora,5-4-4,0.03,1.0,0.7805555555555556,1.3430532217025757,36,54,2024,0.5568998250000732,0.7138888888888889,0.7092915898169739,1.4507474899291992,0.775,0.7717299823703919,2.3465967178344727
mlp,mixed,320,40,400,dora_budgeted,DoRA (LoRA-budget ceiling),dora,4-3-3,0.03,1.0,0.7944444444444444,0.6722031235694885,17,35,1768,0.4532150269997146,0.7388888888888889,0.7299204482754582,0.7008147239685059,0.7944444444444444,0.7849171079207116,1.295602560043335
