architecture,scenario,seed,method_id,method,implementation,allocation,selected_learning_rate,lora_plus_ratio,validation_accuracy,validation_nll,best_epoch,epochs_ran,trainable_parameters,train_seconds,target_accuracy,target_macro_f1,target_nll,clean_accuracy,clean_macro_f1,clean_nll
cnn,contrast,201,dora,DoRA,dora,4-4-4-4,0.03,1.0,0.9555555555555556,0.14843207597732544,15,33,1990,0.6695128149999618,0.9555555555555556,0.9548613763627255,0.18851174414157867,0.8,0.8071104896167848,2.6566033363342285
cnn,contrast,202,dora,DoRA,dora,4-4-4-4,0.03,1.0,0.9722222222222222,0.11520092189311981,19,37,1990,0.8057749020003939,0.9722222222222222,0.9721210788924803,0.12054289877414703,0.6805555555555556,0.6896752249395123,4.396523952484131
cnn,contrast,203,dora,DoRA,dora,4-4-4-4,0.03,1.0,0.9555555555555556,0.1575089693069458,11,29,1990,0.7104565129998264,0.9555555555555556,0.955220558576723,0.15017138421535492,0.7083333333333334,0.74284623798193,3.9460201263427734
cnn,contrast,204,dora,DoRA,dora,4-4-4-4,0.03,1.0,0.9694444444444444,0.13013195991516113,26,44,1990,1.142476720999639,0.9694444444444444,0.9694348384932988,0.13337422907352448,0.7416666666666667,0.7520420888612216,3.529397964477539
cnn,contrast,205,dora,DoRA,dora,4-4-4-4,0.03,1.0,0.9638888888888889,0.1136496514081955,38,56,1990,1.4322910949999823,0.9638888888888889,0.9636171646104458,0.154179185628891,0.8333333333333334,0.8305111365538682,2.5489509105682373
cnn,contrast,206,dora,DoRA,dora,4-4-4-4,0.03,1.0,0.9694444444444444,0.1483333557844162,47,65,1990,1.639859212000374,0.9638888888888889,0.9633386484675311,0.14288610219955444,0.875,0.8780599079054259,1.6102535724639893
cnn,contrast,207,dora,DoRA,dora,4-4-4-4,0.03,1.0,0.9666666666666667,0.1468120813369751,23,41,1990,1.000525406000179,0.9472222222222222,0.9463868448280213,0.15226119756698608,0.8527777777777777,0.8550055232896658,1.8400139808654785
cnn,contrast,208,dora,DoRA,dora,4-4-4-4,0.03,1.0,0.9694444444444444,0.1276746690273285,40,58,1990,1.4605007370000749,0.9583333333333334,0.958017638050239,0.18078190088272095,0.7694444444444445,0.7785295571777598,3.1785318851470947
cnn,contrast,209,dora,DoRA,dora,4-4-4-4,0.03,1.0,0.9722222222222222,0.09382061660289764,46,64,1990,1.6413265430001047,0.975,0.9749451389102338,0.13871058821678162,0.7527777777777778,0.7640192623282749,3.59078311920166
cnn,contrast,210,dora,DoRA,dora,4-4-4-4,0.03,1.0,0.9638888888888889,0.1721215695142746,28,46,1990,1.0763842470000782,0.9555555555555556,0.9550661047780318,0.15175212919712067,0.8111111111111111,0.8210176802030931,2.7123498916625977
cnn,contrast,201,frozen,Frozen,frozen,0-0-0-0,0.0,1.0,0.2638888888888889,1.909273624420166,0,0,0,0.0,0.2777777777777778,0.18468722708785584,1.9121378660202026,0.975,0.9748717164345347,0.1429867148399353
cnn,contrast,202,frozen,Frozen,frozen,0-0-0-0,0.0,1.0,0.2638888888888889,1.909273624420166,0,0,0,0.0,0.2777777777777778,0.18468722708785584,1.9121378660202026,0.975,0.9748717164345347,0.1429867148399353
cnn,contrast,203,frozen,Frozen,frozen,0-0-0-0,0.0,1.0,0.2638888888888889,1.909273624420166,0,0,0,0.0,0.2777777777777778,0.18468722708785584,1.9121378660202026,0.975,0.9748717164345347,0.1429867148399353
cnn,contrast,204,frozen,Frozen,frozen,0-0-0-0,0.0,1.0,0.2638888888888889,1.909273624420166,0,0,0,0.0,0.2777777777777778,0.18468722708785584,1.9121378660202026,0.975,0.9748717164345347,0.1429867148399353
cnn,contrast,205,frozen,Frozen,frozen,0-0-0-0,0.0,1.0,0.2638888888888889,1.909273624420166,0,0,0,0.0,0.2777777777777778,0.18468722708785584,1.9121378660202026,0.975,0.9748717164345347,0.1429867148399353
cnn,contrast,206,frozen,Frozen,frozen,0-0-0-0,0.0,1.0,0.2638888888888889,1.909273624420166,0,0,0,0.0,0.2777777777777778,0.18468722708785584,1.9121378660202026,0.975,0.9748717164345347,0.1429867148399353
cnn,contrast,207,frozen,Frozen,frozen,0-0-0-0,0.0,1.0,0.2638888888888889,1.909273624420166,0,0,0,0.0,0.2777777777777778,0.18468722708785584,1.9121378660202026,0.975,0.9748717164345347,0.1429867148399353
cnn,contrast,208,frozen,Frozen,frozen,0-0-0-0,0.0,1.0,0.2638888888888889,1.909273624420166,0,0,0,0.0,0.2777777777777778,0.18468722708785584,1.9121378660202026,0.975,0.9748717164345347,0.1429867148399353
cnn,contrast,209,frozen,Frozen,frozen,0-0-0-0,0.0,1.0,0.2638888888888889,1.909273624420166,0,0,0,0.0,0.2777777777777778,0.18468722708785584,1.9121378660202026,0.975,0.9748717164345347,0.1429867148399353
cnn,contrast,210,frozen,Frozen,frozen,0-0-0-0,0.0,1.0,0.2638888888888889,1.909273624420166,0,0,0,0.0,0.2777777777777778,0.18468722708785584,1.9121378660202026,0.975,0.9748717164345347,0.1429867148399353
cnn,contrast,201,full,Full fine-tuning,full,0-0-0-0,0.0003,1.0,0.9722222222222222,0.2385137528181076,55,73,13706,1.2259620260001611,0.9694444444444444,0.9694778304293342,0.2606194317340851,0.7944444444444444,0.7934908509330616,2.1403608322143555
cnn,contrast,202,full,Full fine-tuning,full,0-0-0-0,0.0003,1.0,0.9722222222222222,0.17218755185604095,94,112,13706,1.9561540839999907,0.9638888888888889,0.9640120939072536,0.19231203198432922,0.775,0.7791453575990672,2.4581637382507324
cnn,contrast,203,full,Full fine-tuning,full,0-0-0-0,0.0003,1.0,0.9722222222222222,0.46355709433555603,22,40,13706,0.6610217660004309,0.9583333333333334,0.9578662424388888,0.48839548230171204,0.7555555555555555,0.7545404397306338,2.228304147720337
cnn,contrast,204,full,Full fine-tuning,full,0-0-0-0,0.0003,1.0,0.975,0.1465390920639038,118,120,13706,2.111191222999878,0.9666666666666667,0.9665670926761953,0.16298498213291168,0.8111111111111111,0.8208299791719658,2.1905133724212646
cnn,contrast,205,full,Full fine-tuning,full,0-0-0-0,0.0003,1.0,0.9694444444444444,0.3540973663330078,32,50,13706,0.8404387059999863,0.9583333333333334,0.9581762275601085,0.3782936632633209,0.7861111111111111,0.7894594975770268,2.0751798152923584
cnn,contrast,206,full,Full fine-tuning,full,0-0-0-0,0.0003,1.0,0.9638888888888889,0.42486199736595154,25,43,13706,0.7320825669999067,0.9555555555555556,0.9556092372936822,0.4442228674888611,0.7805555555555556,0.7802056049105102,1.911810278892517
cnn,contrast,207,full,Full fine-tuning,full,0-0-0-0,0.0003,1.0,0.9722222222222222,0.47402623295783997,21,39,13706,0.6923871700000745,0.9527777777777777,0.9523217663524537,0.49557939171791077,0.7861111111111111,0.7879442233196626,1.973006010055542
cnn,contrast,208,full,Full fine-tuning,full,0-0-0-0,0.0003,1.0,0.9666666666666667,0.47941139340400696,21,39,13706,0.6563697319998028,0.9583333333333334,0.9578564283597041,0.5023419857025146,0.7916666666666666,0.7914807378582275,1.9338263273239136
cnn,contrast,209,full,Full fine-tuning,full,0-0-0-0,0.0003,1.0,0.9694444444444444,0.42381128668785095,25,43,13706,0.7461980009998115,0.9555555555555556,0.9553437649074304,0.44723501801490784,0.7638888888888888,0.7622989972642931,2.164367437362671
cnn,contrast,210,full,Full fine-tuning,full,0-0-0-0,0.0003,1.0,0.9694444444444444,0.5547672510147095,17,35,13706,0.5823005339998417,0.9638888888888889,0.9637639326818359,0.5782867074012756,0.7722222222222223,0.7718128950453929,1.9698282480239868
cnn,contrast,201,lora,LoRA,lora,4-4-4-4,0.03,1.0,0.9722222222222222,0.12563619017601013,21,39,1868,0.7510633199999575,0.975,0.9748244082591908,0.15224625170230865,0.9027777777777778,0.9032365333558561,1.1887456178665161
cnn,contrast,202,lora,LoRA,lora,4-4-4-4,0.03,1.0,0.9777777777777777,0.11273964494466782,25,43,1868,0.8166775109998525,0.9694444444444444,0.9693096811763773,0.13418099284172058,0.9055555555555556,0.9050280991937175,1.0622409582138062
cnn,contrast,203,lora,LoRA,lora,4-4-4-4,0.03,1.0,0.9527777777777777,0.15329959988594055,17,35,1868,0.6746449900001608,0.9583333333333334,0.9578452485195683,0.15654593706130981,0.8916666666666667,0.894079846755579,1.3789366483688354
cnn,contrast,204,lora,LoRA,lora,4-4-4-4,0.03,1.0,0.9722222222222222,0.11248111724853516,24,42,1868,0.7895234269999492,0.9722222222222222,0.9721904466851635,0.1413087099790573,0.925,0.9261708441542339,0.7759835124015808
cnn,contrast,205,lora,LoRA,lora,4-4-4-4,0.03,1.0,0.9722222222222222,0.08973291516304016,48,66,1868,1.403110676000324,0.9694444444444444,0.9692725210173556,0.1296074092388153,0.9333333333333333,0.932586704347932,0.8404775261878967
cnn,contrast,206,lora,LoRA,lora,4-4-4-4,0.03,1.0,0.9583333333333334,0.15547959506511688,18,36,1868,0.712202774999696,0.9583333333333334,0.9578949390837419,0.1546485722064972,0.8694444444444445,0.8743146289655686,1.4943674802780151
cnn,contrast,207,lora,LoRA,lora,4-4-4-4,0.03,1.0,0.9722222222222222,0.101317398250103,44,62,1868,1.1951955269996688,0.9694444444444444,0.9695042745459661,0.15214107930660248,0.9305555555555556,0.930489557798088,0.8426993489265442
cnn,contrast,208,lora,LoRA,lora,4-4-4-4,0.03,1.0,0.9694444444444444,0.11905621737241745,20,38,1868,0.7278270400001929,0.9611111111111111,0.9608846387440788,0.17040424048900604,0.9,0.9015035148995179,1.1463929414749146
cnn,contrast,209,lora,LoRA,lora,4-4-4-4,0.03,1.0,0.9694444444444444,0.11195316165685654,36,54,1868,1.0377539279998018,0.9583333333333334,0.9581150582478744,0.16325363516807556,0.9194444444444444,0.9206331266832392,1.0958986282348633
cnn,contrast,210,lora,LoRA,lora,4-4-4-4,0.03,1.0,0.9583333333333334,0.15152284502983093,16,34,1868,0.6685177029999068,0.9555555555555556,0.9552084070753135,0.1684706062078476,0.8861111111111111,0.8870264895095967,1.2622301578521729
cnn,contrast,201,lora_plus,LoRA+,lora_plus,4-4-4-4,0.0003,16.0,0.9555555555555556,0.3228926658630371,27,45,1868,0.8895399209995958,0.9333333333333333,0.9322236644239149,0.34852534532546997,0.8138888888888889,0.813139660201921,1.6759426593780518
cnn,contrast,202,lora_plus,LoRA+,lora_plus,4-4-4-4,0.0003,16.0,0.9555555555555556,0.36107224225997925,24,42,1868,0.830523046000053,0.9472222222222222,0.9471257163150811,0.37669721245765686,0.775,0.775566370849422,2.25506591796875
cnn,contrast,203,lora_plus,LoRA+,lora_plus,4-4-4-4,0.0003,16.0,0.9611111111111111,0.836757242679596,9,27,1868,0.5406893529998342,0.9444444444444444,0.9435972474298859,0.8531494736671448,0.675,0.6404204024801596,2.8366944789886475
cnn,contrast,204,lora_plus,LoRA+,lora_plus,4-4-4-4,0.0003,16.0,0.9666666666666667,0.3594455420970917,21,39,1868,0.7878025730001355,0.9555555555555556,0.9551946063072823,0.3862398862838745,0.775,0.775752210723011,1.9165905714035034
cnn,contrast,205,lora_plus,LoRA+,lora_plus,4-4-4-4,0.0003,16.0,0.9638888888888889,0.42946818470954895,15,33,1868,0.6570450039998832,0.9527777777777777,0.9525151722002734,0.4459701478481293,0.7305555555555555,0.7220944695042582,2.606560707092285
cnn,contrast,206,lora_plus,LoRA+,lora_plus,4-4-4-4,0.0003,16.0,0.9638888888888889,0.3608490526676178,21,39,1868,0.7877001490001021,0.9472222222222222,0.9470135561520616,0.383819580078125,0.7722222222222223,0.7694803972613908,2.291971445083618
cnn,contrast,207,lora_plus,LoRA+,lora_plus,4-4-4-4,0.0003,16.0,0.9611111111111111,0.37554407119750977,21,39,1868,0.7789779059999091,0.9472222222222222,0.9468997364493268,0.39779916405677795,0.8694444444444445,0.8694211104009332,1.252720832824707
cnn,contrast,208,lora_plus,LoRA+,lora_plus,4-4-4-4,0.0003,16.0,0.9638888888888889,0.8576668500900269,9,27,1868,0.5154509970002437,0.95,0.9496505699330999,0.8715179562568665,0.7,0.6595285604262912,2.6862003803253174
cnn,contrast,209,lora_plus,LoRA+,lora_plus,4-4-4-4,0.0003,16.0,0.9527777777777777,0.37818363308906555,22,40,1868,0.7749266870000611,0.9388888888888889,0.9381120456661994,0.4121236205101013,0.8166666666666667,0.8132619360056805,1.7293943166732788
cnn,contrast,210,lora_plus,LoRA+,lora_plus,4-4-4-4,0.0003,16.0,0.9611111111111111,0.7419440150260925,10,28,1868,0.5458052980002321,0.9611111111111111,0.9608244938684173,0.7546699643135071,0.75,0.7352345206232594,1.9210188388824463
cnn,contrast,201,magnitude,Magnitude-only,magnitude,0-0-0-0,0.03,1.0,0.9805555555555555,0.08729106187820435,15,33,122,0.5619906319998336,0.9694444444444444,0.9691725989732156,0.12598931789398193,0.8027777777777778,0.8085659047320274,2.8335957527160645
cnn,contrast,202,magnitude,Magnitude-only,magnitude,0-0-0-0,0.03,1.0,0.9833333333333333,0.08394568413496017,22,40,122,0.7093233110003894,0.9694444444444444,0.9691710346073833,0.11864800751209259,0.8138888888888889,0.8130144272726639,2.558098077774048
cnn,contrast,203,magnitude,Magnitude-only,magnitude,0-0-0-0,0.03,1.0,0.9833333333333333,0.07938851416110992,18,36,122,0.652875387000222,0.9722222222222222,0.9721169842312264,0.11320377141237259,0.8055555555555556,0.8082216829947415,2.678013324737549
cnn,contrast,204,magnitude,Magnitude-only,magnitude,0-0-0-0,0.03,1.0,0.9861111111111112,0.08519543707370758,17,35,122,0.627540057999795,0.975,0.9749338856396772,0.11634532362222672,0.8194444444444444,0.8214810241144075,2.56889271736145
cnn,contrast,205,magnitude,Magnitude-only,magnitude,0-0-0-0,0.03,1.0,0.9861111111111112,0.08356495946645737,18,36,122,0.6498736919998009,0.9694444444444444,0.9693697500755416,0.12356457114219666,0.8305555555555556,0.8336198092080792,2.367473602294922
cnn,contrast,206,magnitude,Magnitude-only,magnitude,0-0-0-0,0.03,1.0,0.9833333333333333,0.09217473119497299,11,29,122,0.5172075020000193,0.9666666666666667,0.9664683319046807,0.122669517993927,0.8055555555555556,0.809489565221293,2.670450448989868
cnn,contrast,207,magnitude,Magnitude-only,magnitude,0-0-0-0,0.03,1.0,0.9833333333333333,0.08604268729686737,19,37,122,0.6749379890002274,0.9722222222222222,0.9720740171440765,0.11612991988658905,0.8194444444444444,0.8218217384007422,2.5353915691375732
cnn,contrast,208,magnitude,Magnitude-only,magnitude,0-0-0-0,0.03,1.0,0.9805555555555555,0.08423721790313721,16,34,122,0.6023539239999991,0.9666666666666667,0.9664683319046807,0.1150611862540245,0.7972222222222223,0.8015241151345489,2.8405213356018066
cnn,contrast,209,magnitude,Magnitude-only,magnitude,0-0-0-0,0.03,1.0,0.9861111111111112,0.08134322613477707,21,39,122,0.6898033140000734,0.9722222222222222,0.9721169842312264,0.11599680781364441,0.825,0.8292898046593598,2.332139492034912
cnn,contrast,210,magnitude,Magnitude-only,magnitude,0-0-0-0,0.03,1.0,0.9833333333333333,0.08669345825910568,19,37,122,0.6709871610000846,0.9638888888888889,0.9636868000627592,0.12300622463226318,0.8194444444444444,0.8237587686268792,2.6225271224975586
cnn,rotation,201,dora,DoRA,dora,4-4-4-4,0.03,1.0,0.9611111111111111,0.1678130328655243,26,44,1990,0.9391327930002262,0.9638888888888889,0.963546621050504,0.14161010086536407,0.8138888888888889,0.8110158750477092,1.0966988801956177
cnn,rotation,202,dora,DoRA,dora,4-4-4-4,0.03,1.0,0.9555555555555556,0.19466522336006165,37,55,1990,1.1073897979999856,0.9555555555555556,0.9554283421781351,0.14904610812664032,0.8138888888888889,0.8171779860419808,1.1776186227798462
cnn,rotation,203,dora,DoRA,dora,4-4-4-4,0.03,1.0,0.9555555555555556,0.18032053112983704,27,45,1990,0.9504398580002089,0.9388888888888889,0.9380465013923711,0.22939516603946686,0.8277777777777777,0.8269017824772178,1.0176304578781128
cnn,rotation,204,dora,DoRA,dora,4-4-4-4,0.03,1.0,0.9583333333333334,0.17086830735206604,24,42,1990,0.8752832670002135,0.9694444444444444,0.9692414113181028,0.11865779012441635,0.7333333333333333,0.7421239276551059,1.6485793590545654
cnn,rotation,205,dora,DoRA,dora,4-4-4-4,0.03,1.0,0.9611111111111111,0.135897696018219,30,48,1990,0.963709690000087,0.9583333333333334,0.9578637541066977,0.14832033216953278,0.8027777777777778,0.8105750178508089,1.08966064453125
cnn,rotation,206,dora,DoRA,dora,4-4-4-4,0.03,1.0,0.9444444444444444,0.2593097686767578,45,63,1990,1.3135498079996069,0.9555555555555556,0.9555763829936446,0.15428097546100616,0.8444444444444444,0.838254312269874,1.0729368925094604
cnn,rotation,207,dora,DoRA,dora,4-4-4-4,0.03,1.0,0.9472222222222222,0.18354175984859467,12,30,1990,0.6047946509997928,0.9444444444444444,0.9438872375536546,0.18823720514774323,0.8194444444444444,0.8266466198411389,0.8654568195343018
cnn,rotation,208,dora,DoRA,dora,4-4-4-4,0.03,1.0,0.9666666666666667,0.1252957284450531,45,63,1990,1.31022575399993,0.9527777777777777,0.9531074629106655,0.1366683393716812,0.7777777777777778,0.7835477784551961,1.355136513710022
cnn,rotation,209,dora,DoRA,dora,4-4-4-4,0.03,1.0,0.9444444444444444,0.2007925659418106,35,53,1990,1.086171042999922,0.9611111111111111,0.9609059342241848,0.1658860146999359,0.8166666666666667,0.8208416438501176,1.2097244262695312
cnn,rotation,210,dora,DoRA,dora,4-4-4-4,0.03,1.0,0.9555555555555556,0.2329876720905304,30,48,1990,1.0478822569998556,0.9666666666666667,0.9662265188283954,0.16558560729026794,0.8055555555555556,0.819975939790773,1.2244006395339966
cnn,rotation,201,frozen,Frozen,frozen,0-0-0-0,0.0,1.0,0.6083333333333333,2.488429546356201,0,0,0,0.0,0.6027777777777777,0.5868226715851177,2.1164190769195557,0.975,0.9748717164345347,0.1429867148399353
cnn,rotation,202,frozen,Frozen,frozen,0-0-0-0,0.0,1.0,0.6083333333333333,2.488429546356201,0,0,0,0.0,0.6027777777777777,0.5868226715851177,2.1164190769195557,0.975,0.9748717164345347,0.1429867148399353
cnn,rotation,203,frozen,Frozen,frozen,0-0-0-0,0.0,1.0,0.6083333333333333,2.488429546356201,0,0,0,0.0,0.6027777777777777,0.5868226715851177,2.1164190769195557,0.975,0.9748717164345347,0.1429867148399353
cnn,rotation,204,frozen,Frozen,frozen,0-0-0-0,0.0,1.0,0.6083333333333333,2.488429546356201,0,0,0,0.0,0.6027777777777777,0.5868226715851177,2.1164190769195557,0.975,0.9748717164345347,0.1429867148399353
cnn,rotation,205,frozen,Frozen,frozen,0-0-0-0,0.0,1.0,0.6083333333333333,2.488429546356201,0,0,0,0.0,0.6027777777777777,0.5868226715851177,2.1164190769195557,0.975,0.9748717164345347,0.1429867148399353
cnn,rotation,206,frozen,Frozen,frozen,0-0-0-0,0.0,1.0,0.6083333333333333,2.488429546356201,0,0,0,0.0,0.6027777777777777,0.5868226715851177,2.1164190769195557,0.975,0.9748717164345347,0.1429867148399353
cnn,rotation,207,frozen,Frozen,frozen,0-0-0-0,0.0,1.0,0.6083333333333333,2.488429546356201,0,0,0,0.0,0.6027777777777777,0.5868226715851177,2.1164190769195557,0.975,0.9748717164345347,0.1429867148399353
cnn,rotation,208,frozen,Frozen,frozen,0-0-0-0,0.0,1.0,0.6083333333333333,2.488429546356201,0,0,0,0.0,0.6027777777777777,0.5868226715851177,2.1164190769195557,0.975,0.9748717164345347,0.1429867148399353
cnn,rotation,209,frozen,Frozen,frozen,0-0-0-0,0.0,1.0,0.6083333333333333,2.488429546356201,0,0,0,0.0,0.6027777777777777,0.5868226715851177,2.1164190769195557,0.975,0.9748717164345347,0.1429867148399353
cnn,rotation,210,frozen,Frozen,frozen,0-0-0-0,0.0,1.0,0.6083333333333333,2.488429546356201,0,0,0,0.0,0.6027777777777777,0.5868226715851177,2.1164190769195557,0.975,0.9748717164345347,0.1429867148399353
cnn,rotation,201,full,Full fine-tuning,full,0-0-0-0,0.001,1.0,0.95,0.2086622416973114,112,120,13706,2.0993125700001656,0.9694444444444444,0.9693793162139906,0.14427736401557922,0.8361111111111111,0.8414195557969142,1.0898879766464233
cnn,rotation,202,full,Full fine-tuning,full,0-0-0-0,0.001,1.0,0.9416666666666667,0.27737870812416077,79,97,13706,1.7220037919996685,0.9583333333333334,0.9580270950888694,0.13926662504673004,0.8388888888888889,0.845143826435859,0.9567050337791443
cnn,rotation,203,full,Full fine-tuning,full,0-0-0-0,0.001,1.0,0.9583333333333334,0.1908504068851471,119,120,13706,2.168255557000066,0.9527777777777777,0.952741932158123,0.15392902493476868,0.8472222222222222,0.8542496817339232,0.9992796182632446
cnn,rotation,204,full,Full fine-tuning,full,0-0-0-0,0.001,1.0,0.9583333333333334,0.20637181401252747,113,120,13706,2.0140737659999104,0.9611111111111111,0.9610714641580576,0.13799262046813965,0.8138888888888889,0.8227744808439927,1.3735454082489014
cnn,rotation,205,full,Full fine-tuning,full,0-0-0-0,0.001,1.0,0.9583333333333334,0.19883711636066437,110,120,13706,2.0268818739996277,0.9527777777777777,0.9520635238740868,0.16629603505134583,0.8111111111111111,0.8176405826836767,1.3451262712478638
cnn,rotation,206,full,Full fine-tuning,full,0-0-0-0,0.001,1.0,0.925,0.32498887181282043,42,60,13706,0.9683320749995801,0.9583333333333334,0.9584092052533391,0.1569381207227707,0.8722222222222222,0.8760257586301563,0.8375494480133057
cnn,rotation,207,full,Full fine-tuning,full,0-0-0-0,0.001,1.0,0.925,0.23653534054756165,74,92,13706,1.588915050000196,0.9638888888888889,0.9639587422307864,0.15651743113994598,0.8583333333333333,0.8653521898331116,0.907978892326355
cnn,rotation,208,full,Full fine-tuning,full,0-0-0-0,0.001,1.0,0.9555555555555556,0.18338796496391296,102,120,13706,2.2606844900001306,0.9555555555555556,0.9554791093187693,0.12534931302070618,0.85,0.8560826576816349,0.9209706783294678
cnn,rotation,209,full,Full fine-tuning,full,0-0-0-0,0.001,1.0,0.9472222222222222,0.21908432245254517,112,120,13706,2.4618047339999976,0.95,0.9501513489646769,0.1673416644334793,0.85,0.8575746667523066,0.98042893409729
cnn,rotation,210,full,Full fine-tuning,full,0-0-0-0,0.001,1.0,0.9305555555555556,0.30495572090148926,52,70,13706,1.465879433000282,0.9527777777777777,0.9524252487143045,0.17242877185344696,0.8555555555555555,0.8624032706070734,0.771088719367981
cnn,rotation,201,lora,LoRA,lora,4-4-4-4,0.03,1.0,0.9611111111111111,0.17634916305541992,35,53,1868,1.2452264019998438,0.95,0.9493660178647788,0.21317912638187408,0.7694444444444445,0.7673238919563028,1.8021730184555054
cnn,rotation,202,lora,LoRA,lora,4-4-4-4,0.03,1.0,0.9472222222222222,0.3122423589229584,33,51,1868,1.1154837610001778,0.9472222222222222,0.946836134059702,0.20624682307243347,0.8194444444444444,0.8321821621159342,1.4416334629058838
cnn,rotation,203,lora,LoRA,lora,4-4-4-4,0.03,1.0,0.9555555555555556,0.16498881578445435,41,59,1868,1.3884204430000864,0.95,0.9491767452383891,0.2148435413837433,0.7944444444444444,0.7991161893945469,1.568519949913025
cnn,rotation,204,lora,LoRA,lora,4-4-4-4,0.03,1.0,0.95,0.18269063532352448,17,35,1868,0.7710649320001721,0.9527777777777777,0.9524682091588547,0.1653704047203064,0.8166666666666667,0.8219678084151534,1.1294333934783936
cnn,rotation,205,lora,LoRA,lora,4-4-4-4,0.03,1.0,0.9583333333333334,0.15156486630439758,26,44,1868,0.9585143829999652,0.9694444444444444,0.9695281441882789,0.17026792466640472,0.8444444444444444,0.847723113122469,0.9858454465866089
cnn,rotation,206,lora,LoRA,lora,4-4-4-4,0.03,1.0,0.9555555555555556,0.20491531491279602,23,41,1868,0.7597034530003839,0.9583333333333334,0.9583885486990699,0.12677623331546783,0.8555555555555555,0.8537279257051962,0.7755496501922607
cnn,rotation,207,lora,LoRA,lora,4-4-4-4,0.03,1.0,0.95,0.20055842399597168,12,30,1868,0.5833749960002024,0.95,0.9499848484211972,0.15267367660999298,0.8722222222222222,0.8778200636840163,0.6856056451797485
cnn,rotation,208,lora,LoRA,lora,4-4-4-4,0.03,1.0,0.9666666666666667,0.175470769405365,51,69,1868,1.347884540999985,0.9472222222222222,0.9472151535562732,0.1673450469970703,0.7944444444444444,0.7962861731552828,1.3556857109069824
cnn,rotation,209,lora,LoRA,lora,4-4-4-4,0.03,1.0,0.9416666666666667,0.257647842168808,28,46,1868,0.8146960309995848,0.95,0.9497346697692229,0.20926159620285034,0.8333333333333334,0.8400966197887973,1.0684235095977783
cnn,rotation,210,lora,LoRA,lora,4-4-4-4,0.03,1.0,0.95,0.24906960129737854,62,80,1868,1.5120065070000237,0.9555555555555556,0.9550574168192686,0.18746113777160645,0.8194444444444444,0.8287203263210172,1.4038238525390625
cnn,rotation,201,lora_plus,LoRA+,lora_plus,4-4-4-4,0.003,16.0,0.95,0.17371226847171783,25,43,1868,0.8319388260001688,0.95,0.9496406812353448,0.20773042738437653,0.85,0.8521260364450415,0.8116893172264099
cnn,rotation,202,lora_plus,LoRA+,lora_plus,4-4-4-4,0.003,16.0,0.95,0.21061931550502777,67,85,1868,1.6918199579999964,0.9444444444444444,0.9441672168343729,0.16940514743328094,0.8472222222222222,0.8516102117677757,1.1648987531661987
cnn,rotation,203,lora_plus,LoRA+,lora_plus,4-4-4-4,0.003,16.0,0.9583333333333334,0.20891541242599487,41,59,1868,1.210056065000117,0.9583333333333334,0.9580982789394905,0.20381316542625427,0.8166666666666667,0.8219381056836819,1.1914801597595215
cnn,rotation,204,lora_plus,LoRA+,lora_plus,4-4-4-4,0.003,16.0,0.9527777777777777,0.19688309729099274,34,52,1868,1.030956339000113,0.9527777777777777,0.9526585930929203,0.17551904916763306,0.7388888888888889,0.7481653648692613,1.8076419830322266
cnn,rotation,205,lora_plus,LoRA+,lora_plus,4-4-4-4,0.003,16.0,0.9527777777777777,0.19262383878231049,39,57,1868,1.162246820999826,0.9555555555555556,0.9553563112430904,0.178748220205307,0.8027777777777778,0.8085007522708919,1.4238179922103882
cnn,rotation,206,lora_plus,LoRA+,lora_plus,4-4-4-4,0.003,16.0,0.9388888888888889,0.26908794045448303,42,60,1868,1.1504271300000255,0.9555555555555556,0.9554710828883446,0.1533423513174057,0.8583333333333333,0.8567395090172767,0.9943308234214783
cnn,rotation,207,lora_plus,LoRA+,lora_plus,4-4-4-4,0.003,16.0,0.9472222222222222,0.20299029350280762,43,61,1868,1.2465905779999957,0.9527777777777777,0.9526888442355661,0.1581517606973648,0.8305555555555556,0.8433476402949719,1.1509885787963867
cnn,rotation,208,lora_plus,LoRA+,lora_plus,4-4-4-4,0.003,16.0,0.9694444444444444,0.17533476650714874,105,120,1868,2.3928988819998267,0.9583333333333334,0.9584841425776183,0.16213995218276978,0.7722222222222223,0.7734981031776962,1.593454122543335
cnn,rotation,209,lora_plus,LoRA+,lora_plus,4-4-4-4,0.003,16.0,0.9472222222222222,0.27048733830451965,60,78,1868,1.507053349999751,0.9472222222222222,0.9472061767273035,0.24820935726165771,0.8027777777777778,0.8100278587926513,1.4373301267623901
cnn,rotation,210,lora_plus,LoRA+,lora_plus,4-4-4-4,0.003,16.0,0.9361111111111111,0.3094679117202759,59,77,1868,1.500031139999919,0.9527777777777777,0.9525136851339925,0.20570087432861328,0.8,0.8103995466730106,1.2977049350738525
cnn,rotation,201,magnitude,Magnitude-only,magnitude,0-0-0-0,0.03,1.0,0.8972222222222223,0.46774953603744507,59,77,122,1.4011501099998895,0.9194444444444444,0.9192555620196916,0.3500783145427704,0.8666666666666667,0.865529555661537,0.5621392130851746
cnn,rotation,202,magnitude,Magnitude-only,magnitude,0-0-0-0,0.03,1.0,0.8833333333333333,0.5329117178916931,48,66,122,1.1771482840003955,0.9027777777777778,0.9019045124695731,0.3475889563560486,0.8555555555555555,0.8543950363774796,0.5955598950386047
cnn,rotation,203,magnitude,Magnitude-only,magnitude,0-0-0-0,0.03,1.0,0.9027777777777778,0.415224552154541,110,120,122,2.1696104020002167,0.9222222222222223,0.9210742800092646,0.26774558424949646,0.8416666666666667,0.839710713660222,0.6865118145942688
cnn,rotation,204,magnitude,Magnitude-only,magnitude,0-0-0-0,0.03,1.0,0.8888888888888888,0.48122990131378174,44,62,122,1.125448957000117,0.9083333333333333,0.9077686717632837,0.3597967326641083,0.8222222222222222,0.8258798611365872,0.7821853756904602
cnn,rotation,205,magnitude,Magnitude-only,magnitude,0-0-0-0,0.03,1.0,0.8888888888888888,0.4703221321105957,67,85,122,1.475442810000004,0.9111111111111111,0.9104607865189165,0.33749744296073914,0.7972222222222223,0.8038381751051201,1.1128262281417847
cnn,rotation,206,magnitude,Magnitude-only,magnitude,0-0-0-0,0.03,1.0,0.8888888888888888,0.6566842794418335,87,105,122,1.842017873000259,0.9,0.8994426952708772,0.3193090260028839,0.8,0.8012753403422067,1.0578678846359253
cnn,rotation,207,magnitude,Magnitude-only,magnitude,0-0-0-0,0.03,1.0,0.8805555555555555,0.5013095736503601,56,74,122,1.2907702720003726,0.8972222222222223,0.8953100044820708,0.33931824564933777,0.8638888888888889,0.8594358083540085,0.5970029830932617
cnn,rotation,208,magnitude,Magnitude-only,magnitude,0-0-0-0,0.03,1.0,0.8777777777777778,0.5137070417404175,42,60,122,1.0467337650002264,0.8916666666666667,0.8905366979249459,0.33208587765693665,0.8833333333333333,0.8838958815581117,0.5047497749328613
cnn,rotation,209,magnitude,Magnitude-only,magnitude,0-0-0-0,0.03,1.0,0.8888888888888888,0.5035298466682434,68,86,122,1.5888306430001649,0.8861111111111111,0.8857402154729958,0.42014169692993164,0.8916666666666667,0.8890996905341882,0.4709857404232025
cnn,rotation,210,magnitude,Magnitude-only,magnitude,0-0-0-0,0.03,1.0,0.8972222222222223,0.5434408187866211,71,89,122,1.5969037130003017,0.9055555555555556,0.9037846004904828,0.36344799399375916,0.8166666666666667,0.821491767537694,0.8282626867294312
cnn,mixed,201,dora,DoRA,dora,4-4-4-4,0.01,1.0,0.8333333333333334,0.6943086385726929,49,67,1990,1.4904409900000246,0.7944444444444444,0.7897907821020487,0.7160361409187317,0.8305555555555556,0.8291798706282713,1.2252486944198608
cnn,mixed,202,dora,DoRA,dora,4-4-4-4,0.01,1.0,0.8277777777777777,0.6095173954963684,29,47,1990,1.0158849909998935,0.8166666666666667,0.8120336542876545,0.5971983075141907,0.8666666666666667,0.8670901620742354,0.7317922115325928
cnn,mixed,203,dora,DoRA,dora,4-4-4-4,0.01,1.0,0.8416666666666667,0.5111521482467651,36,54,1990,1.2096465150002587,0.8055555555555556,0.8019195997315093,0.5582419633865356,0.9138888888888889,0.9132173509777939,0.6156662702560425
cnn,mixed,204,dora,DoRA,dora,4-4-4-4,0.01,1.0,0.8222222222222222,0.662443995475769,43,61,1990,1.3342971360002593,0.8138888888888889,0.812389197540865,0.6124758124351501,0.8416666666666667,0.8430536882367219,1.0649988651275635
cnn,mixed,205,dora,DoRA,dora,4-4-4-4,0.01,1.0,0.8222222222222222,0.5884761214256287,29,47,1990,1.06814363400008,0.8055555555555556,0.7994894090883902,0.5576949715614319,0.8666666666666667,0.862031129117231,0.6782258749008179
cnn,mixed,206,dora,DoRA,dora,4-4-4-4,0.01,1.0,0.8277777777777777,0.6577693819999695,31,49,1990,1.0618799169997146,0.8083333333333333,0.8088578309038968,0.6096217036247253,0.8555555555555555,0.8549811566044939,0.9822877049446106
cnn,mixed,207,dora,DoRA,dora,4-4-4-4,0.01,1.0,0.825,0.58191978931427,17,35,1990,0.7581337129995518,0.8027777777777778,0.7981151030731402,0.5785847306251526,0.8361111111111111,0.833340345377118,0.8452768921852112
cnn,mixed,208,dora,DoRA,dora,4-4-4-4,0.01,1.0,0.8277777777777777,0.7429983615875244,53,71,1990,1.542697956000211,0.8138888888888889,0.8133477325657701,0.7498504519462585,0.8388888888888889,0.8411927128381148,0.9553149938583374
cnn,mixed,209,dora,DoRA,dora,4-4-4-4,0.01,1.0,0.8083333333333333,0.642433762550354,16,34,1990,0.7528801899998143,0.7916666666666666,0.7877460468277655,0.612672746181488,0.8888888888888888,0.8880759378445713,0.4024360179901123
cnn,mixed,210,dora,DoRA,dora,4-4-4-4,0.01,1.0,0.8194444444444444,0.6147862076759338,17,35,1990,0.735189169000023,0.8,0.7984984096026638,0.5515891909599304,0.9,0.9001999937832581,0.4974387288093567
cnn,mixed,201,frozen,Frozen,frozen,0-0-0-0,0.0,1.0,0.6027777777777777,1.756246566772461,0,0,0,0.0,0.6333333333333333,0.6221184998536001,1.7732739448547363,0.975,0.9748717164345347,0.1429867148399353
cnn,mixed,202,frozen,Frozen,frozen,0-0-0-0,0.0,1.0,0.6027777777777777,1.756246566772461,0,0,0,0.0,0.6333333333333333,0.6221184998536001,1.7732739448547363,0.975,0.9748717164345347,0.1429867148399353
cnn,mixed,203,frozen,Frozen,frozen,0-0-0-0,0.0,1.0,0.6027777777777777,1.756246566772461,0,0,0,0.0,0.6333333333333333,0.6221184998536001,1.7732739448547363,0.975,0.9748717164345347,0.1429867148399353
cnn,mixed,204,frozen,Frozen,frozen,0-0-0-0,0.0,1.0,0.6027777777777777,1.756246566772461,0,0,0,0.0,0.6333333333333333,0.6221184998536001,1.7732739448547363,0.975,0.9748717164345347,0.1429867148399353
cnn,mixed,205,frozen,Frozen,frozen,0-0-0-0,0.0,1.0,0.6027777777777777,1.756246566772461,0,0,0,0.0,0.6333333333333333,0.6221184998536001,1.7732739448547363,0.975,0.9748717164345347,0.1429867148399353
cnn,mixed,206,frozen,Frozen,frozen,0-0-0-0,0.0,1.0,0.6027777777777777,1.756246566772461,0,0,0,0.0,0.6333333333333333,0.6221184998536001,1.7732739448547363,0.975,0.9748717164345347,0.1429867148399353
cnn,mixed,207,frozen,Frozen,frozen,0-0-0-0,0.0,1.0,0.6027777777777777,1.756246566772461,0,0,0,0.0,0.6333333333333333,0.6221184998536001,1.7732739448547363,0.975,0.9748717164345347,0.1429867148399353
cnn,mixed,208,frozen,Frozen,frozen,0-0-0-0,0.0,1.0,0.6027777777777777,1.756246566772461,0,0,0,0.0,0.6333333333333333,0.6221184998536001,1.7732739448547363,0.975,0.9748717164345347,0.1429867148399353
cnn,mixed,209,frozen,Frozen,frozen,0-0-0-0,0.0,1.0,0.6027777777777777,1.756246566772461,0,0,0,0.0,0.6333333333333333,0.6221184998536001,1.7732739448547363,0.975,0.9748717164345347,0.1429867148399353
cnn,mixed,210,frozen,Frozen,frozen,0-0-0-0,0.0,1.0,0.6027777777777777,1.756246566772461,0,0,0,0.0,0.6333333333333333,0.6221184998536001,1.7732739448547363,0.975,0.9748717164345347,0.1429867148399353
cnn,mixed,201,full,Full fine-tuning,full,0-0-0-0,0.001,1.0,0.825,0.6286689639091492,56,74,13706,1.2726312249997136,0.8222222222222222,0.8213176767487591,0.6391605138778687,0.8888888888888888,0.8908890143742502,0.48282280564308167
cnn,mixed,202,full,Full fine-tuning,full,0-0-0-0,0.001,1.0,0.825,0.622628927230835,40,58,13706,1.0223127549998026,0.7944444444444444,0.7878908488967205,0.6505307555198669,0.9,0.902717041684501,0.5442129373550415
cnn,mixed,203,full,Full fine-tuning,full,0-0-0-0,0.001,1.0,0.8305555555555556,0.5924174785614014,27,45,13706,0.7873681700002635,0.8138888888888889,0.8092808601799792,0.6233077049255371,0.9194444444444444,0.9212446402526011,0.39201924204826355
cnn,mixed,204,full,Full fine-tuning,full,0-0-0-0,0.001,1.0,0.8194444444444444,0.5852484107017517,35,53,13706,0.8396833759998117,0.8083333333333333,0.8063579731115464,0.5455090403556824,0.9055555555555556,0.9081189684935023,0.5063615441322327
cnn,mixed,205,full,Full fine-tuning,full,0-0-0-0,0.001,1.0,0.8111111111111111,0.616355836391449,45,63,13706,1.163326841000071,0.8027777777777778,0.7987976817762968,0.5712963938713074,0.9111111111111111,0.9105804835097266,0.53383469581604
cnn,mixed,206,full,Full fine-tuning,full,0-0-0-0,0.001,1.0,0.825,0.6416422128677368,47,65,13706,1.2876085709999643,0.8,0.8007041533227197,0.6294375658035278,0.8916666666666667,0.8915045825768868,0.6335598230361938
cnn,mixed,207,full,Full fine-tuning,full,0-0-0-0,0.001,1.0,0.8138888888888889,0.6206362247467041,73,91,13706,1.8657116270001097,0.8027777777777778,0.798100796720888,0.6628562211990356,0.8694444444444445,0.8755608275721901,0.917320191860199
cnn,mixed,208,full,Full fine-tuning,full,0-0-0-0,0.001,1.0,0.8222222222222222,0.6515383124351501,50,68,13706,1.188131373000033,0.8138888888888889,0.8122708475158837,0.5953320264816284,0.8944444444444445,0.8988499530040605,0.5717325210571289
cnn,mixed,209,full,Full fine-tuning,full,0-0-0-0,0.001,1.0,0.8083333333333333,0.6431154608726501,20,38,13706,0.7523767299999236,0.7888888888888889,0.7881303736878983,0.6436017155647278,0.9222222222222223,0.9229686780088697,0.32656219601631165
cnn,mixed,210,full,Full fine-tuning,full,0-0-0-0,0.001,1.0,0.825,0.586564838886261,36,54,13706,0.9849685240001236,0.8194444444444444,0.8174532845099336,0.5715962648391724,0.9138888888888889,0.9145747496999258,0.4695674777030945
cnn,mixed,201,lora,LoRA,lora,4-4-4-4,0.01,1.0,0.8138888888888889,0.6967459917068481,29,47,1868,0.90505881900026,0.7861111111111111,0.7805087563043204,0.6574442386627197,0.8444444444444444,0.8421888026039179,0.8707142472267151
cnn,mixed,202,lora,LoRA,lora,4-4-4-4,0.01,1.0,0.825,0.6478614211082458,27,45,1868,0.8695302010000887,0.7944444444444444,0.7907467399484936,0.6518545150756836,0.8805555555555555,0.8812540804720346,0.6903672218322754
cnn,mixed,203,lora,LoRA,lora,4-4-4-4,0.01,1.0,0.8416666666666667,0.5743458271026611,26,44,1868,0.8875397639999392,0.8111111111111111,0.8047644522711295,0.6138290166854858,0.8777777777777778,0.8752229618296132,0.6333815455436707
cnn,mixed,204,lora,LoRA,lora,4-4-4-4,0.01,1.0,0.8111111111111111,0.9264102578163147,57,75,1868,1.8709516190001523,0.8027777777777778,0.8028264834580625,0.8596723675727844,0.8138888888888889,0.8118018911182612,1.4478695392608643
cnn,mixed,205,lora,LoRA,lora,4-4-4-4,0.01,1.0,0.8222222222222222,0.6494415402412415,39,57,1868,1.4425087829999939,0.8027777777777778,0.7990503114715454,0.6287705898284912,0.8777777777777778,0.8763040799025287,0.7563546299934387
cnn,mixed,206,lora,LoRA,lora,4-4-4-4,0.01,1.0,0.8083333333333333,0.6293814182281494,19,37,1868,0.889454053999998,0.8,0.7969150017897993,0.5795868635177612,0.8805555555555555,0.8785200196390912,0.6084883213043213
cnn,mixed,207,lora,LoRA,lora,4-4-4-4,0.01,1.0,0.8138888888888889,0.6179964542388916,22,40,1868,0.9849869539998508,0.7972222222222223,0.7945694992097242,0.6120592951774597,0.8416666666666667,0.8471471241749743,0.9432168006896973
cnn,mixed,208,lora,LoRA,lora,4-4-4-4,0.01,1.0,0.8166666666666667,0.7586587071418762,28,46,1868,1.0434191719996306,0.7805555555555556,0.7805318835652179,0.7253913283348083,0.8083333333333333,0.8096882574185337,1.0148484706878662
cnn,mixed,209,lora,LoRA,lora,4-4-4-4,0.01,1.0,0.8166666666666667,0.7456663250923157,37,55,1868,1.3097506609997254,0.7833333333333333,0.7774490464918014,0.8584426641464233,0.8916666666666667,0.8881112443619246,0.609819769859314
cnn,mixed,210,lora,LoRA,lora,4-4-4-4,0.01,1.0,0.8166666666666667,0.6537409424781799,19,37,1868,0.8187827820001985,0.8027777777777778,0.8002532268026561,0.5617075562477112,0.8944444444444445,0.8934595135295339,0.5880692601203918
cnn,mixed,201,lora_plus,LoRA+,lora_plus,4-4-4-4,0.001,16.0,0.8222222222222222,0.7144990563392639,57,75,1868,1.4348212780000722,0.8,0.7942194087745242,0.7411721348762512,0.8583333333333333,0.8561225970734432,0.7865518927574158
cnn,mixed,202,lora_plus,LoRA+,lora_plus,4-4-4-4,0.001,16.0,0.8166666666666667,0.6565422415733337,34,52,1868,1.0004254429995854,0.7805555555555556,0.775234123977467,0.6697891354560852,0.8722222222222222,0.8725589028056697,0.7502989172935486
cnn,mixed,203,lora_plus,LoRA+,lora_plus,4-4-4-4,0.001,16.0,0.8444444444444444,0.6115992069244385,45,63,1868,1.2594932949996291,0.8083333333333333,0.804778999892348,0.6472869515419006,0.9,0.8989848216646259,0.5118004083633423
cnn,mixed,204,lora_plus,LoRA+,lora_plus,4-4-4-4,0.001,16.0,0.8194444444444444,0.6957578063011169,62,80,1868,1.529505011999845,0.8027777777777778,0.8039222911541749,0.6573923826217651,0.8583333333333333,0.8592648178968112,1.0093529224395752
cnn,mixed,205,lora_plus,LoRA+,lora_plus,4-4-4-4,0.001,16.0,0.8166666666666667,0.619779109954834,37,55,1868,1.0634412149997843,0.7805555555555556,0.7767939256087597,0.6396440863609314,0.8694444444444445,0.8687865867554192,0.7077864408493042
cnn,mixed,206,lora_plus,LoRA+,lora_plus,4-4-4-4,0.001,16.0,0.8277777777777777,0.6179739832878113,41,59,1868,1.1438431440001295,0.7972222222222223,0.7959046623623205,0.6551621556282043,0.8888888888888888,0.8900164037958384,0.5591500401496887
cnn,mixed,207,lora_plus,LoRA+,lora_plus,4-4-4-4,0.001,16.0,0.8083333333333333,0.6198301315307617,41,59,1868,1.1751933310001732,0.8027777777777778,0.8009858992940846,0.6607457399368286,0.8638888888888889,0.865787122434563,0.7935553789138794
cnn,mixed,208,lora_plus,LoRA+,lora_plus,4-4-4-4,0.001,16.0,0.8194444444444444,0.7819374799728394,71,89,1868,1.6967319729997143,0.7722222222222223,0.7718557908208474,0.8716163039207458,0.8305555555555556,0.8380301686041276,1.0416806936264038
cnn,mixed,209,lora_plus,LoRA+,lora_plus,4-4-4-4,0.001,16.0,0.7972222222222223,0.6730190515518188,37,55,1868,1.0529008560001785,0.7888888888888889,0.7862257809850706,0.6831825971603394,0.8777777777777778,0.8768374847871007,0.4560164511203766
cnn,mixed,210,lora_plus,LoRA+,lora_plus,4-4-4-4,0.001,16.0,0.8194444444444444,0.6591298580169678,37,55,1868,1.0834915220002586,0.8166666666666667,0.8147095289429686,0.5863058567047119,0.9,0.8994729646989136,0.6258574724197388
cnn,mixed,201,magnitude,Magnitude-only,magnitude,0-0-0-0,0.03,1.0,0.7527777777777778,0.8300540447235107,100,118,122,2.147273708999819,0.725,0.7179735860600314,0.876592755317688,0.9027777777777778,0.9010684421029944,0.4199652671813965
cnn,mixed,202,magnitude,Magnitude-only,magnitude,0-0-0-0,0.03,1.0,0.7555555555555555,0.7739622592926025,46,64,122,1.15843220700026,0.7222222222222222,0.7158410482776986,0.8131685853004456,0.8944444444444445,0.8933903460276597,0.4352389872074127
cnn,mixed,203,magnitude,Magnitude-only,magnitude,0-0-0-0,0.03,1.0,0.7472222222222222,0.7689700722694397,48,66,122,1.2027275069999632,0.7444444444444445,0.741772228846558,0.7475546002388,0.8972222222222223,0.896436545701102,0.3849354684352875
cnn,mixed,204,magnitude,Magnitude-only,magnitude,0-0-0-0,0.03,1.0,0.7472222222222222,0.7834941148757935,38,56,122,1.0583920499998385,0.725,0.7234558581678531,0.7530152201652527,0.9083333333333333,0.9075950954925098,0.36873987317085266
cnn,mixed,205,magnitude,Magnitude-only,magnitude,0-0-0-0,0.03,1.0,0.7583333333333333,0.7741431593894958,43,61,122,1.2100058099999842,0.7361111111111112,0.7305780451720452,0.8188731074333191,0.8944444444444445,0.8926320249927763,0.42768630385398865
cnn,mixed,206,magnitude,Magnitude-only,magnitude,0-0-0-0,0.03,1.0,0.7638888888888888,0.7579818964004517,61,79,122,1.4498765739999726,0.7388888888888889,0.7352008052008052,0.7789131999015808,0.8805555555555555,0.8780877861680267,0.516944944858551
cnn,mixed,207,magnitude,Magnitude-only,magnitude,0-0-0-0,0.03,1.0,0.7416666666666667,0.76969313621521,17,35,122,0.6473654060000626,0.7305555555555555,0.7295562895963182,0.7555544376373291,0.8888888888888888,0.8871465960043695,0.3894140422344208
cnn,mixed,208,magnitude,Magnitude-only,magnitude,0-0-0-0,0.03,1.0,0.7361111111111112,0.7878190875053406,56,74,122,1.3381050130001313,0.7444444444444445,0.742615492695377,0.7469614744186401,0.9194444444444444,0.91945988099651,0.27811524271965027
cnn,mixed,209,magnitude,Magnitude-only,magnitude,0-0-0-0,0.03,1.0,0.7611111111111111,0.7767191529273987,50,68,122,1.2592362700002013,0.7361111111111112,0.7318028585738532,0.7868791222572327,0.8944444444444445,0.8945027315861234,0.38218048214912415
cnn,mixed,210,magnitude,Magnitude-only,magnitude,0-0-0-0,0.03,1.0,0.7555555555555555,0.7731903791427612,41,59,122,1.0634838960004345,0.7111111111111111,0.7084093987114526,0.7568857669830322,0.9166666666666666,0.9152589979307226,0.33500534296035767
